id,release_time,position,completion_time,flow_time,individual_lower_bound,request_over_lower_bound,server
0,41,94.78653606090633,137.11986939423963,96.11986939423963,94.78653606090633,1.4466175798019612,S3
1,50,65.09344730398537,107.42678063731869,57.426780637318686,65.09344730398537,1.650347079263406,S3
2,9,82.12742919913083,124.46076253246414,115.46076253246414,82.12742919913083,1.5154591315733201,S3
3,12,36.56889169125856,57.56889169125854,45.56889169125854,36.56889169125856,1.5742585850645245,S3
4,7,90.97040631431022,133.30373964764354,126.30373964764354,90.97040631431022,1.4653528004158647,S3
5,27,3.749565844198488,30.416232510865157,3.4162325108651572,27,1.126527130032043,S1
6,55,41.81721513707595,62.817215137075934,7.817215137075934,55,1.1421311843104716,S3
7,30,9.071301334386506,30.09536533228016,0.09536533228015998,30,1.0031788444093386,S2
8,54,5.911050607898916,59.24438394123225,5.24438394123225,54,1.0971182211339305,S1
9,72,12.380196114964559,94.28647055170211,22.28647055170211,72,1.3095343132180848,S1
10,28,63.06259157317371,84.0625915731737,56.062591573173705,63.06259157317371,1.333002489687297,S3
11,74,94.77089424570056,137.10422757903387,63.104227579033875,94.77089424570056,1.4466912934638034,S3
12,73,58.554142264038674,79.55414226403866,6.55414226403866,73,1.0897827707402556,S3
13,6,97.62551055929201,139.95884389262534,133.95884389262534,97.62551055929201,1.4336298278063555,S3
14,5,55.66648979370926,76.66648979370925,71.66648979370925,55.66648979370926,1.377246707630075,S3
15,17,28.960928633167626,39.294261966500954,22.294261966500954,28.960928633167626,1.356802555063757,S3
16,18,54.06858855321425,75.06858855321424,57.06858855321424,54.06858855321425,1.388395565002253,S3
17,73,30.848182410193438,83.34818241019343,10.34818241019343,73,1.1417559234273074,S2
18,87,18.072637992393748,88.59402867427292,1.59402867427292,87,1.0183221686698036,S1
19,74,57.120439141179226,78.12043914117922,4.120439141179219,74,1.0556816100159354,S3
20,24,37.23975427257312,58.23975427257311,34.23975427257311,37.23975427257312,1.5639134954084908,S3
21,70,71.21107657461536,113.54440990794868,43.544409907948676,71.21107657461536,1.5944768057112044,S3
22,72,5.960116996623266,100.7065496700434,28.7065496700434,72,1.3987020787506028,S1
23,26,49.64144951134918,70.64144951134917,44.641449511349165,49.64144951134918,1.4230335779215895,S3
24,68,42.75923056694029,95.25923056694029,27.25923056694029,68,1.4008710377491218,S2
25,40,46.5601865839674,67.5601865839674,27.560186583967393,46.5601865839674,1.45102912038654,S3
26,58,36.158235594456634,88.65823559445663,30.658235594456627,58,1.5285902688699418,S2
27,31,79.43794815224912,121.77128148558245,90.77128148558245,79.43794815224912,1.5329107097806471,S3
28,89,77.98296305842437,120.31629639175769,31.31629639175769,89,1.3518684987837943,S3
29,10,57.442371025867104,78.44237102586709,68.44237102586709,57.442371025867104,1.3655837951142962,S3
30,67,49.511635955525556,70.51163595552555,3.5116359555255485,67,1.0524124769481424,S3
31,43,72.94452894392177,115.27786227725508,72.27786227725508,72.94452894392177,1.5803496704444866,S3
32,36,60.89590190364036,81.89590190364035,45.89590190364035,60.89590190364036,1.3448507919831731,S3
33,9,11.806577825496213,16.80657782549621,7.806577825496209,11.806577825496213,1.423492740563869,S3
34,53,16.49621036435732,62.67045630230935,9.670456302309347,53,1.182461439666214,S2
35,43,15.198453466050477,63.96821320061619,20.96821320061619,43,1.487632865130609,S2
36,62,42.16983544767443,63.169835447674416,1.1698354476744157,62,1.018868313672168,S3
37,85,7.762048218079554,98.90461844858712,13.904618448587115,85,1.163583746453966,S1
38,71,57.302594027738394,78.30259402773838,7.30259402773838,71,1.1028534370103997,S3
39,40,34.01223621911955,55.01223621911954,15.012236219119544,40,1.3753059054779886,S3
40,44,59.436987710501846,80.43698771050184,36.43698771050184,59.436987710501846,1.3533153480503441,S3
41,74,79.68919758215944,122.02253091549275,48.02253091549275,79.68919758215944,1.5312305132660888,S3
42,8,83.99677805125414,126.33011138458745,118.33011138458745,83.99677805125414,1.5039875851845397,S3
43,34,47.40983374196445,68.40983374196443,34.409833741964434,47.40983374196445,1.4429460798005709,S3
44,85,6.499997571609484,100.16666909505719,15.166669095057188,85,1.17843140111832,S1
45,93,70.14920213044239,112.4825354637757,19.482535463775704,93,1.2094896286427494,S3
46,82,57.79462307177181,91.20537692822818,9.205376928228176,82,1.112260694246685,S3
47,87,82.19247866097149,124.5258119943048,37.5258119943048,87,1.431331172348331,S3
48,36,71.66277943983036,113.99611277316367,77.99611277316367,71.66277943983036,1.5907297158195952,S3
49,85,34.700525568845066,87.20052556884505,2.200525568845052,85,1.0258885361040595,S2
50,59,35.5464109540346,88.0464109540346,29.0464109540346,59,1.492312050068383,S2
51,78,11.70957944817319,94.95708721849348,16.957087218493484,78,1.2173985540832497,S1
52,7,21.820777481967944,32.15411081530127,25.154110815301273,21.820777481967944,1.4735547732830554,S3
53,36,12.934022201868423,38.76735553520176,2.7673555352017587,36,1.0768709870889377,S2
54,31,39.78976785462327,60.789767854623264,29.789767854623264,39.78976785462327,1.527773875854869,S3
55,63,8.058130120013862,98.60853654665281,35.608536546652815,63,1.565214865819886,S1
56,57,40.16442563343041,61.1644256334304,4.1644256334303975,57,1.0730600988321122,S3
57,35,88.33838264415125,130.67171597748455,95.67171597748455,88.33838264415125,1.4792178899614044,S3
58,55,86.39844696985152,128.73178030318485,73.73178030318485,86.39844696985152,1.4899779431001279,S3
59,35,70.6396709496502,112.97300428298351,77.97300428298351,70.6396709496502,1.599285539757217,S3
60,45,68.27230593874516,110.60563927207848,65.60563927207848,68.27230593874516,1.6200659660055332,S3
61,48,95.77312039639912,138.10645372973244,90.10645372973244,95.77312039639912,1.4420168535609805,S3
62,19,8.298469466133207,20.79846946613321,1.7984694661332092,19,1.0946562876912216,S2
63,19,23.195686681953575,33.5290200152869,14.529020015286903,23.195686681953575,1.4454851229462735,S3
64,29,1.2063059843798851,52.12702734895345,23.127027348953447,29,1.7974837016880498,S1
65,75,18.23428739811973,88.43237926854694,13.432379268546939,75,1.1790983902472925,S1
66,36,0.40936033850639264,52.92397299482694,16.92397299482694,36,1.470110360967415,S1
67,53,53.45909623001036,74.45909623001035,21.459096230010346,53.45909623001036,1.3928237003791921,S3
68,78,56.6341223706392,92.3658776293608,14.365877629360796,78,1.1841779183251384,S3
69,16,69.0493657135978,111.38269904693111,95.38269904693111,69.0493657135978,1.6130879392712028,S3
70,65,95.02239496826584,137.35572830159916,72.35572830159916,95.02239496826584,1.445509012348838,S3
71,83,67.62000824495014,109.95334157828346,26.953341578283457,83,1.3247390551600418,S3
72,6,45.664372220287476,66.66437222028746,60.66437222028746,45.664372220287476,1.459877120366285,S3
73,99,95.18862208315223,137.52195541648553,38.521955416485525,99,1.3891106607725812,S3
74,87,79.7873121196566,122.12064545298992,35.12064545298992,87,1.4036855799194243,S3
75,50,39.80696305556508,60.80696305556506,10.806963055565063,50,1.2161392611113013,S3
76,50,10.353709371032426,63.68704270436576,13.687042704365759,50,1.2737408540873152,S1
77,81,40.044263051634886,92.54426305163489,11.544263051634886,81,1.1425217660695666,S2
78,24,6.734761584302484,32.43190508236418,8.431905082364182,24,1.351329378431841,S2
79,26,44.06268683247505,65.06268683247504,39.06268683247504,44.06268683247505,1.4765937238426092,S3
80,14,34.00536522323434,55.00536522323433,41.00536522323433,34.00536522323434,1.6175496090732067,S3
81,6,10.23795977252221,15.237959772522206,9.237959772522206,10.23795977252221,1.4883785550144044,S3
82,72,15.126493227942795,91.54017343872387,19.54017343872387,72,1.2713912977600537,S1
83,12,94.89487585694336,137.2282091902767,125.22820919027669,94.89487585694336,1.4461076844354799,S3
84,78,2.5500886666145695,104.1165780000521,26.1165780000521,78,1.334827923077591,S1
85,26,61.406898778847875,82.40689877884786,56.40689877884786,61.406898778847875,1.3419811196723976,S3
86,19,63.44095785339009,84.44095785339007,65.44095785339007,63.44095785339009,1.3310164397033581,S3
87,44,60.227918896200826,81.22791889620082,37.22791889620082,60.227918896200826,1.3486755043984207,S3
88,60,12.284223076219492,65.61755640955283,5.617556409552833,60,1.0936259401592139,S1
89,62,99.31027217047139,141.6436055038047,79.64360550380471,99.31027217047139,1.4262734600169646,S3
90,59,48.03951046156485,69.03951046156484,10.039510461564845,59,1.1701611942638108,S3
91,39,8.588466155616558,44.74486717771678,5.7448671777167775,39,1.1473042866081224,S1
92,13,74.96739204424308,117.3007253775764,104.3007253775764,74.96739204424308,1.564689956245906,S3
93,94,26.47568917171801,133.14235583838467,39.142355838384674,94,1.4164080408338795,S1
94,88,16.14386105264315,90.52280561402353,2.5228056140235253,88,1.0286682456139038,S1
95,2,20.52150067015407,30.854834003487397,28.854834003487397,20.52150067015407,1.5035369244882688,S3
96,67,36.175245900901054,88.67524590090105,21.675245900901047,67,1.3235111328492692,S2
97,88,54.317242588211435,94.68275741178856,6.6827574117885575,88,1.0759404251339608,S3
98,3,75.81429595359373,118.14762928692704,115.14762928692704,75.81429595359373,1.5583819357663855,S3
99,38,97.85012427189727,140.1834576052306,102.18345760523059,97.85012427189727,1.4326344360657242,S3
100,11,69.61967859078018,111.9530119241135,100.9530119241135,69.61967859078018,1.6080656244072287,S3
101,33,51.839685713276104,72.8396857132761,39.8396857132761,51.839685713276104,1.405095048533867,S3
102,21,35.56961698229455,56.569616982294534,35.569616982294534,35.56961698229455,1.5903915133652728,S3
103,28,53.2592397492879,74.2592397492879,46.2592397492879,53.2592397492879,1.3942977800444623,S3
104,99,50.26970232253149,102.76970232253149,3.7697023225314865,99,1.0380778012376919,S2
105,81,22.304167310318512,84.36249935634815,3.3624993563481524,81,1.0415123377326931,S1
106,100,98.49260505908907,140.8259383924224,40.82593839242239,100,1.408259383924224,S3
107,24,80.60785847856675,122.94119181190007,98.94119181190007,80.60785847856675,1.5251762561660107,S3
108,51,73.98730203757141,116.32063537090472,65.32063537090472,73.98730203757141,1.572170253104189,S3
109,29,19.991798339514965,30.325131672848297,1.325131672848297,29,1.0456941956154586,S3
110,63,35.556254335495815,88.05625433549581,25.056254335495808,63,1.3977183227856478,S2
111,3,98.960358670307,141.29369200364033,138.29369200364033,98.960358670307,1.4277807184831417,S3
112,35,47.224006249885534,68.22400624988552,33.22400624988552,47.224006249885534,1.4446890822620728,S3
113,24,69.25219417001233,111.58552750334565,87.58552750334565,69.25219417001233,1.6112923040301956,S3
114,44,44.72276777667234,65.72276777667233,21.722767776672327,44.72276777667234,1.469559489360444,S3
115,92,98.80380582028602,141.13713915361933,49.13713915361933,98.80380582028602,1.42845852932359,S3
116,46,8.053812548862638,61.38714588219597,15.387145882195973,46,1.3345031713520863,S1
117,13,22.684582673072796,33.017916006406125,20.017916006406125,22.684582673072796,1.455522302625354,S3
118,25,33.77374798385304,54.77374798385303,29.773747983853028,33.77374798385304,1.6217847071648641,S3
119,61,62.406639743781824,83.40663974378181,22.40663974378181,62.406639743781824,1.336502655586298,S3
120,78,84.04355272792898,126.3768860612623,48.3768860612623,84.04355272792898,1.5037070894703537,S3
121,61,90.91991979850683,133.25325313184015,72.25325313184015,90.91991979850683,1.4656112040920275,S3
122,44,79.96437448496602,122.29770781829933,78.29770781829933,79.96437448496602,1.529402419589893,S3
123,10,83.4648807798219,125.79821411315521,115.79821411315521,83.4648807798219,1.507199350646741,S3
124,15,90.97771375517229,133.3110470885056,118.3110470885056,90.97771375517229,1.465315422711714,S3
125,100,71.14929836253856,113.48263169587187,13.482631695871873,100,1.1348263169587187,S3
126,25,47.80327445940002,68.80327445940001,43.803274459400015,47.80327445940002,1.439300450387255,S3
127,22,43.39250757480817,64.39250757480816,42.392507574808164,43.39250757480817,1.4839545159679062,S3
128,81,33.25171998646099,85.75171998646098,4.751719986460984,81,1.0586632097093949,S2
129,92,39.583849506944816,92.0838495069448,0.08384950694480153,92,1.0009114076841825,S2
130,51,74.33527108043208,116.6686044137654,65.6686044137654,74.33527108043208,1.5694918807456544,S3
131,10,72.47986656342152,114.81319989675484,104.81319989675484,72.47986656342152,1.5840702437868135,S3
132,21,99.31123564171669,141.64456897505,120.64456897504999,99.31123564171669,1.4262693245108589,S3
133,3,15.115070038148982,20.11507003814898,17.11507003814898,15.115070038148982,1.3307956885003165,S3
134,59,80.65019820321962,122.98353153655293,63.98353153655293,80.65019820321962,1.524900549241841,S3
135,18,61.15733372160083,82.15733372160082,64.15733372160082,61.15733372160083,1.343376643847748,S3
136,76,98.03059434470305,140.36392767803636,64.36392767803636,98.03059434470305,1.4318379748313823,S3
137,84,93.74675106287562,136.08008439620892,52.08008439620892,93.74675106287562,1.4515712049043756,S3
138,19,54.866004398677916,75.8660043986779,56.8660043986779,54.866004398677916,1.3827506710240052,S3
139,16,2.1396674321911724,24.526999234475497,8.526999234475497,16,1.5329374521547185,S1
140,92,64.96746696738306,107.30080030071638,15.300800300716375,92,1.1663130467469172,S3
141,67,74.94962284984052,117.28295618317384,50.28295618317384,74.94962284984052,1.5648238339790843,S3
142,17,43.38094367574856,64.38094367574855,47.380943675748554,43.38094367574856,1.4840835219483646,S3
143,24,82.61552518152212,124.94885851485543,100.94885851485543,82.61552518152212,1.512413777438549,S3
144,27,2.799372562642999,29.466039229309665,2.466039229309665,27,1.0913347862707283,S1
145,27,29.296665267021893,39.62999860035522,12.629998600355222,29.296665267021893,1.3527136361477003,S3
146,30,76.36797844353107,118.70131177686439,88.70131177686439,76.36797844353107,1.55433355964288,S3
147,41,25.936479527021017,51.76981286035435,10.76981286035435,41,1.262678362447667,S2
148,53,83.41949964394693,125.75283297728025,72.75283297728025,83.41949964394693,1.507475272736248,S3
149,7,91.00170563155565,133.33503896488895,126.33503896488895,91.00170563155565,1.46519274599897,S3
150,45,89.77040012043787,132.10373345377118,87.10373345377118,89.77040012043787,1.471573405894794,S3
151,84,58.334877204185,90.665122795815,6.665122795814995,84,1.0793466999501784,S3
152,66,42.062827070906515,94.56282707090651,28.562827070906508,66,1.432770107134947,S2
153,64,13.076325902212382,66.40965923554572,2.4096592355457176,64,1.0376509255554018,S1
154,19,52.35065855871663,73.35065855871662,54.35065855871662,52.35065855871663,1.401141085483124,S3
155,2,87.28055986771352,129.61389320104684,127.61389320104684,87.28055986771352,1.4850259141038473,S3
156,99,18.310788727219872,124.97745539388654,25.977455393886544,99,1.2623985393321873,S1
157,0,77.6038965576667,119.93722989100002,119.93722989100002,77.6038965576667,1.5455052543898466,S3
158,19,17.23467122134489,27.568004554678218,8.568004554678218,19,1.450947608140959,S3
159,60,61.91012391834949,82.91012391834948,22.910123918349484,61.91012391834949,1.3392013885757355,S3
160,15,55.647562490221326,76.64756249022132,61.64756249022132,55.647562490221326,1.3773750198616557,S3
161,41,68.23313647385591,110.56646980718922,69.56646980718922,68.23313647385591,1.6204219169897558,S3
162,67,55.54418748802469,76.54418748802468,9.544187488024676,67,1.1424505595227563,S3
163,100,77.64901005186842,119.98234338520173,19.98234338520173,100,1.1998234338520173,S3
164,71,5.6822570029603785,100.98440966370629,29.984409663706288,71,1.4223156290662857,S1
165,24,27.691707046478154,38.025040379811486,14.025040379811486,27.691707046478154,1.3731562419026648,S3
166,98,9.774527331973603,116.44119399864027,18.441193998640273,98,1.188175448965717,S1
167,57,56.17293866564762,77.1729386656476,20.172938665647607,57,1.3539112046604844,S3
168,97,89.40120779908301,131.73454113241633,34.734541132416325,97,1.3580880529115085,S3
169,8,44.32483935774388,65.32483935774387,57.32483935774387,44.32483935774388,1.4737749827023598,S3
170,78,97.33602516766871,139.66935850100202,61.66935850100202,97.33602516766871,1.4349194787891835,S3
171,77,51.21614724353194,103.71614724353194,26.716147243531935,77,1.3469629512147006,S2
172,88,27.71855402912631,131.44811263754036,43.44811263754036,88,1.4937285526993223,S2
173,65,53.32854375791709,74.32854375791707,9.328543757917075,65,1.1435160578141088,S3
174,61,50.7751859288671,71.77518592886709,10.775185928867089,61,1.1766423922765097,S3
175,31,69.92178821802858,112.2551215513619,81.2551215513619,69.92178821802858,1.605438367813627,S3
176,33,92.27842134201065,134.61175467534395,101.61175467534395,92.27842134201065,1.4587565838001677,S3
177,25,83.99997833932058,126.33331167265389,101.33331167265389,83.99997833932058,1.5039683839241775,S3
178,17,41.66370564820018,62.663705648200164,45.663705648200164,41.66370564820018,1.5040358190248293,S3
179,50,44.21180882750436,65.21180882750436,15.211808827504356,50,1.3042361765500872,S3
180,9,67.11554470705893,109.44887804039224,100.44887804039224,67.11554470705893,1.630753032223858,S3
181,54,7.312076697267433,60.64541003060077,6.645410030600772,54,1.123063148714829,S1
182,85,30.278007525157935,128.88865914150873,43.888659141508725,85,1.5163371663706908,S2
183,15,89.70264328787668,132.03597662121,117.03597662121001,89.70264328787668,1.471929608556526,S3
184,19,93.95046585509171,136.283799188425,117.28379918842501,93.95046585509171,1.4505920534617447,S3
185,82,66.02565151913709,108.3589848524704,26.3589848524704,82,1.3214510347862243,S3
186,18,25.310783745968955,35.64411707930228,17.644117079302283,25.310783745968955,1.4082581336494187,S3
187,17,96.75447826663839,139.0878115999717,122.0878115999717,96.75447826663839,1.4375335807885818,S3
188,28,74.66820921935448,117.0015425526878,89.0015425526878,74.66820921935448,1.566952572934617,S3
189,12,39.82568747172719,60.82568747172718,48.82568747172718,39.82568747172719,1.527297865602651,S3
190,62,16.279517106616083,62.88714956005058,0.887149560050581,62,1.0143088638717837,S2
191,85,83.24446694829476,125.57780028162807,40.57780028162807,85,1.4773858856662125,S3
192,20,70.63235523665085,112.96568856998417,92.96568856998417,70.63235523665085,1.599347610475358,S3
193,65,40.38097511166047,92.88097511166046,27.88097511166046,65,1.4289380786409303,S2
194,53,19.574466613393117,59.592200053273544,6.592200053273544,53,1.1243811330806328,S2
195,40,9.21940261285814,44.113930720475196,4.113930720475196,40,1.1028482680118799,S1
196,46,1.9482928052393156,51.385040528094024,5.385040528094024,46,1.1170660984368266,S1
197,70,45.86707684431828,98.36707684431826,28.367076844318262,70,1.4052439549188322,S2
198,90,1.8081980827037603,104.85846858396292,14.858468583962917,90,1.1650940953773659,S1
199,42,51.74338566059401,72.743385660594,30.743385660594,51.74338566059401,1.405848974354859,S3
200,37,51.22622844634556,72.22622844634554,35.226228446345544,51.22622844634556,1.4099462450567763,S3
201,8,11.284995812984732,16.28499581298473,8.284995812984729,11.284995812984732,1.4430661812250654,S3
202,100,22.855385371816116,129.5220520384828,29.522052038482798,100,1.295220520384828,S1
203,13,8.40612669703682,13.406126697036818,0.40612669703681803,13,1.0312405151566784,S3
204,34,3.958818991406765,49.37451434192657,15.37451434192657,34,1.452191598291958,S1
205,99,18.155139141117104,124.82180580778378,25.821805807783775,99,1.2608263212907451,S1
206,96,12.95555593056773,119.6222225972344,23.622222597234398,96,1.2460648187211916,S1
207,54,84.95878272608951,127.29211605942282,73.29211605942282,84.95878272608951,1.4982808366007039,S3
208,86,81.89789797812817,124.23123131146149,38.231231311461485,86,1.4445492012960637,S3
209,33,40.594782791560846,61.59478279156083,28.59478279156083,40.594782791560846,1.5173078547513654,S3
210,68,91.91715085117713,134.25048418451044,66.25048418451044,91.91715085117713,1.4605596772889005,S3
211,73,49.46120433540452,101.96120433540452,28.961204335404517,73,1.3967288265123907,S2
212,41,8.946220784680769,44.38711254865257,3.387112548652567,41,1.0826125011866479,S1
213,7,79.95875529066143,122.29208862399474,115.29208862399474,79.95875529066143,1.5294396239591979,S3
214,23,42.531704079572265,63.53170407957225,40.53170407957225,42.531704079572265,1.4937493207587271,S3
215,9,26.89234237249919,37.22567570583252,28.225675705832522,26.89234237249919,1.38424816961651,S3
216,2,63.44395062965595,84.44395062965594,82.44395062965594,63.44395062965595,1.3310008250051164,S3
217,33,8.374252623451806,34.20758595678514,1.2075859567851381,33,1.036593513841974,S2
218,28,6.662253487446145,33.328920154112815,5.328920154112815,28,1.1903185769326006,S1
219,15,45.37735209729249,66.37735209729247,51.37735209729247,45.37735209729249,1.4627859279883584,S3
220,43,99.43058904488691,141.76392237822023,98.76392237822023,99.43058904488691,1.4257576440005033,S3
221,53,92.66692840712271,135.00026174045604,82.00026174045604,92.66692840712271,1.4568332420315708,S3
222,34,62.17034543247878,83.17034543247877,49.17034543247877,62.17034543247878,1.3377816200620505,S3
223,5,52.69150265271717,73.69150265271716,68.69150265271716,52.69150265271717,1.3985462350240465,S3
224,30,93.8125916640844,136.1459249974177,106.1459249974177,93.8125916640844,1.451254278156142,S3
225,20,26.18952918826022,36.52286252159355,16.522862521593552,26.18952918826022,1.3945597211409733,S3
226,23,20.17682487685001,30.51015821018334,7.5101582101833415,23,1.3265286178340583,S3
227,39,62.86710970476671,83.8671097047667,44.867109704766705,62.86710970476671,1.3340379428705902,S3
228,67,75.94982549985613,118.28315883318945,51.28315883318945,75.94982549985613,1.5573855246502641,S3
229,37,44.568687304920395,65.56868730492039,28.568687304920388,44.568687304920395,1.4711828252047618,S3
230,86,17.78998842129287,88.8766782453738,2.876678245373796,86,1.03344974703923,S1
231,44,80.36789448422425,122.70122781755757,78.70122781755757,80.36789448422425,1.526744337462307,S3
232,32,3.69493515442767,49.63839817890567,17.638398178905668,32,1.5511999430908021,S1
233,2,73.30803834323136,115.64137167656467,113.64137167656467,73.30803834323136,1.577471915632592,S3
234,70,97.80516266037263,140.13849599370593,70.13849599370593,97.80516266037263,1.4328333206738313,S3
235,65,47.476063851773375,68.47606385177336,3.476063851773361,65,1.053477905411898,S3
236,57,10.628134502709141,63.96146783604247,6.961467836042473,57,1.1221310146674117,S1
237,83,43.21775857844161,95.7177585784416,12.717758578441604,83,1.153226006969176,S2
238,63,54.59062519268238,75.59062519268237,12.590625192682367,63,1.1998511935346408,S3
239,50,97.031239797686,139.3645731310193,89.36457313101931,97.031239797686,1.4362856067963266,S3
240,39,68.77417356906915,111.10750690240246,72.10750690240246,68.77417356906915,1.615541141920352,S3
241,29,34.27046254174745,55.270462541747435,26.270462541747435,34.27046254174745,1.612772587309503,S3
242,90,72.88441705403994,115.21775038737326,25.217750387373258,90,1.2801972265263695,S3
243,17,40.46977087068413,61.469770870684115,44.469770870684115,40.46977087068413,1.518905828923587,S3
244,44,98.1881931829367,140.52152651627,96.52152651627,98.1881931829367,1.4311448450269482,S3
245,16,1.4255129327794935,25.241153733887174,9.241153733887174,16,1.5775721083679484,S1
246,80,74.08891981829275,116.42225315162607,36.422253151626066,80,1.4552781643953259,S3
247,32,43.07407078388819,64.07407078388817,32.074070783888175,43.07407078388819,1.4875322814358891,S3
248,7,8.44848727079307,13.448487270793066,6.448487270793066,8.44848727079307,1.5918219250072494,S3
249,48,87.05378212477483,129.38711545810816,81.38711545810816,87.05378212477483,1.486289421321829,S3
250,85,97.09299823785817,139.4263315711915,54.4263315711915,97.09299823785817,1.4360080963781265,S3
251,76,24.221293399248655,76.72129339924865,0.7212933992486512,76,1.0094907026216928,S2
252,37,4.523749246785746,48.80958408654759,11.809584086547588,37,1.3191779482850698,S1
253,23,15.75329398292057,26.0866273162539,3.0866273162538995,23,1.134201187663213,S3
254,57,0.3622712666117134,106.30439540005496,49.30439540005496,57,1.8649893929834203,S1
255,46,96.17865333626133,138.51198666959465,92.51198666959465,96.17865333626133,1.4401531094984958,S3
256,70,32.3533894452799,84.8533894452799,14.853389445279902,70,1.2121912777897128,S2
257,4,96.5666770058785,138.9000103392118,134.9000103392118,96.5666770058785,1.4383844887896087,S3
258,39,21.78658571584814,47.619919049181476,8.619919049181476,39,1.2210235653636277,S2
259,23,0.1068914944922783,26.55977517217439,3.5597751721743904,23,1.1547728335727996,S1
260,48,8.389056082549406,61.72238941588274,13.722389415882738,48,1.2858831128308903,S1
261,35,50.27640063763996,71.27640063763995,36.27640063763995,50.27640063763996,1.4176909988317286,S3
262,25,24.81793947870704,35.15127281204037,10.151272812040368,25,1.4060509124816147,S3
263,99,0.4950531503943312,106.17161351627234,7.171613516272345,99,1.0724405405684074,S1
264,33,81.70442811381324,124.03776144714655,91.03776144714655,81.70442811381324,1.5181277723939701,S3
265,18,39.95111702889258,60.95111702889257,42.95111702889257,39.95111702889258,1.5256423740245566,S3
266,5,39.39786406047205,60.397864060472045,55.397864060472045,39.39786406047205,1.5330238199656445,S3
267,38,30.424456022433844,40.75778935576717,2.757789355767173,38,1.0725734040991362,S3
268,29,8.44827114461606,30.718395522050606,1.7183955220506064,29,1.059255018001745,S2
269,67,85.32474990974414,127.65808324307746,60.658083243077456,85.32474990974414,1.4961436555994971,S3
270,19,65.75436733126728,108.08770066460059,89.08770066460059,65.75436733126728,1.6438102144616502,S3
271,91,78.40411058000527,120.73744391333858,29.73744391333858,91,1.3267850979487756,S3
272,76,38.951647106044994,91.45164710604499,15.451647106044987,76,1.2033111461321708,S2
273,41,72.06772713715515,114.40106047048846,73.40106047048846,72.06772713715515,1.5874104126076705,S3
274,63,14.9463149042253,64.22035176244137,1.2203517624413678,63,1.0193706628958947,S2
275,92,61.870716991439046,104.20405032477237,12.204050324772368,92,1.1326527209214388,S3
276,18,4.378806669158585,22.287859997508082,4.287859997508082,18,1.2382144443060046,S1
277,91,89.19423558785111,131.5275689211844,40.52756892118441,91,1.4453579002327956,S3
278,80,42.9244702561588,95.4244702561588,15.424470256158799,80,1.192805878201985,S2
279,89,81.2218915712394,123.55522490457271,34.55522490457271,89,1.388260953983963,S3
280,17,90.98876530211962,133.32209863545293,116.32209863545293,90.98876530211962,1.4652589052370308,S3
281,96,50.437105125546076,102.93710512554607,6.9371051255460685,96,1.0722615117244383,S2
282,2,82.64091215019802,124.97424548353133,122.97424548353133,82.64091215019802,1.5122563659074022,S3
283,74,79.79671872618029,122.1300520595136,48.1300520595136,79.79671872618029,1.5305147129996497,S3
284,91,68.28953695005006,110.62287028338338,19.622870283383378,91,1.2156359371800372,S3
285,88,64.28897994007224,106.62231327340555,18.622313273405553,88,1.2116171962886995,S3
286,10,3.1160526289508494,10.217280704382484,0.2172807043824836,10,1.0217280704382483,S1
287,17,63.71198770456572,84.71198770456571,67.71198770456571,63.71198770456572,1.3296083006761237,S3
288,13,37.66182648824245,58.66182648824244,45.66182648824244,37.66182648824245,1.5575937748679272,S3
289,57,55.85272464959347,76.85272464959345,19.852724649593455,57,1.3482934149051484,S3
290,80,1.8840675251383,104.78259914152838,24.78259914152838,80,1.3097824892691048,S1
291,68,68.06641760808205,110.39975094141536,42.39975094141536,68.06641760808205,1.6219415509287323,S3
292,62,26.37928948053294,78.87928948053293,16.879289480532933,62,1.2722466045247247,S2
293,58,79.76975520708525,122.10308854041857,64.10308854041857,79.76975520708525,1.5306940358966177,S3
294,95,93.25046502275097,135.5837983560843,40.58379835608429,95,1.4271978774324663,S3
295,68,9.194192781522482,97.47247388514418,29.472473885144183,68,1.4334187336050614,S1
296,67,6.605035622215194,100.06163104445147,33.061631044451474,67,1.4934571797679324,S1
297,94,47.385842541004365,99.88584254100437,5.885842541004365,94,1.0626153461808976,S2
298,9,84.61336289760337,126.94669623093668,117.94669623093668,84.61336289760337,1.5003149843431218,S3
299,30,72.93350380393967,115.26683713727299,85.26683713727299,72.93350380393967,1.5804374001711758,S3
300,26,23.073612704745372,33.4069460380787,7.406946038078701,26,1.284882539926104,S3
301,83,97.57350941027705,139.90684274361035,56.906842743610355,97.57350941027705,1.433860927921841,S3
302,63,84.55312504065073,126.88645837398404,63.88645837398404,84.55312504065073,1.500671421818894,S3
303,9,47.9010164070626,68.90101640706258,59.901016407062585,47.9010164070626,1.4384040585181344,S3
304,87,28.731916671224013,130.43474999544264,43.434749995442644,87,1.4992499999476165,S2
305,5,61.69740157782498,82.69740157782496,77.69740157782496,61.69740157782498,1.3403708983353315,S3
306,82,19.829012511277057,86.83765415538961,4.837654155389615,82,1.0589957823828002,S1
307,76,14.742507287690742,91.92415937897593,15.92415937897593,76,1.2095284128812622,S1
308,32,65.15343617142531,107.48676950475863,75.48676950475863,65.15343617142531,1.6497482837582045,S3
309,88,30.441713795923253,128.7249528707434,40.72495287074341,88,1.462783555349357,S2
310,72,13.344100872031749,93.32256579463493,21.322565794634926,72,1.2961467471477073,S1
311,61,6.066101406364178,100.60056526030249,39.60056526030249,61,1.6491895944311883,S1
312,34,97.25090091824649,139.5842342515798,105.5842342515798,97.25090091824649,1.4353001662053562,S3
313,12,69.2185172570448,111.55185059037811,99.55185059037811,69.2185172570448,1.6115897163200905,S3
314,86,48.961431004745116,101.46143100474511,15.461431004745108,86,1.1797840814505245,S2
315,90,51.653569404440766,104.15356940444076,14.15356940444076,90,1.157261882271564,S2
316,59,46.58976082976098,67.58976082976096,8.589760829760962,59,1.145589166606118,S3
317,98,11.850286270156795,118.51695293682346,20.516952936823458,98,1.2093566626206476,S1
318,70,19.9250029859503,72.4250029859503,2.4250029859503,70,1.03464289979929,S2
319,10,93.62543409537165,135.95876742870496,125.95876742870496,93.62543409537165,1.4521563370292139,S3
320,2,28.95888794881911,39.29222128215244,37.29222128215244,28.95888794881911,1.3568276983424254,S3
321,9,81.98976926998682,124.32310260332014,115.32310260332014,81.98976926998682,1.5163245818381619,S3
322,57,99.39669614185188,141.73002947518518,84.73002947518518,99.39669614185188,1.4259028214873277,S3
323,49,20.983721998747264,58.1829446679194,9.1829446679194,49,1.1874070340391714,S2
324,26,7.4612867694142215,31.705379897252445,5.705379897252445,26,1.2194376883558633,S2
325,11,14.174067785953115,19.174067785953113,8.174067785953113,14.174067785953115,1.3527568850034097,S3
326,67,26.180896872833614,78.68089687283361,11.680896872833614,67,1.174341744370651,S2
327,46,13.260507288102607,66.59384062143594,20.593840621435945,46,1.4476921874225206,S1
328,80,50.87443536487809,103.37443536487808,23.37443536487808,80,1.292180442060976,S2
329,14,70.33370387940744,112.66703721274075,98.66703721274075,70.33370387940744,1.6018925635697656,S3
330,29,49.78879533537156,70.78879533537155,41.788795335371546,49.78879533537156,1.4217816450176475,S3
331,62,39.408051986123915,91.90805198612391,29.90805198612391,62,1.482387935260063,S2
332,20,0.3590471669730255,26.307619499693644,6.307619499693644,20,1.315380974984682,S1
333,62,68.15881166663787,110.49214499997119,48.49214499997119,68.15881166663787,1.6210984654542397,S3
334,51,30.19510412751344,51.19510412751343,0.19510412751343154,51,1.0038255711277144,S3
335,18,41.61811943647275,62.61811943647274,44.61811943647274,41.61811943647275,1.504587912292747,S3
336,48,31.607804537496975,52.60780453749696,4.6078045374969605,48,1.09599592786452,S3
337,42,0.1741381917503282,53.159195141583005,11.159195141583005,42,1.265695122418643,S1
338,96,33.82726299696475,125.33940366970192,29.339403669701923,96,1.3056187882260617,S2
339,50,12.004134759218255,65.33746809255159,15.337468092551589,50,1.3067493618510317,S1
340,25,71.30235657969237,113.63568991302569,88.63568991302569,71.30235657969237,1.5937157671081839,S3
341,94,28.98329589755253,130.18337076911413,36.183370769114134,94,1.3849294762671716,S2
342,47,6.497735077812806,59.83106841114614,12.831068411146141,47,1.273001455556301,S1
343,49,99.87925057856137,142.21258391189468,93.21258391189468,99.87925057856137,1.4238451238682,S3
344,75,7.640069246820591,99.02659741984608,24.026597419846084,75,1.3203546322646145,S1
345,54,75.56563934322837,117.89897267656168,63.898972676561684,75.56563934322837,1.5602193497106553,S3
346,6,28.06377045937617,38.3971037927095,32.3971037927095,28.06377045937617,1.368209016970524,S3
347,6,83.46759949771923,125.80093283105255,119.80093283105255,83.46759949771923,1.5071828300811512,S3
348,36,63.49634970396003,84.49634970396002,48.49634970396002,63.49634970396003,1.3307276732900175,S3
349,19,24.932471641181852,35.265804974515184,16.265804974515184,24.932471641181852,1.414452826099495,S3
350,34,43.62407439273818,64.62407439273817,30.624074392738166,43.62407439273818,1.4813855718964142,S3
351,40,18.984904716300687,44.81823804963402,4.818238049634019,40,1.1204559512408505,S2
352,47,78.51426747155581,120.84760080488913,73.84760080488913,78.51426747155581,1.539180134982089,S3
353,54,88.42665555254467,130.759988885878,76.75998888587799,88.42665555254467,1.478739505286142,S3
354,97,63.089580386908096,105.42291372024141,8.42291372024141,97,1.0868341620643445,S3
355,70,54.922814818796375,75.92281481879637,5.922814818796368,70,1.0846116402685195,S3
356,92,8.05768970361056,98.60897696305611,6.608976963056108,92,1.071836706120175,S1
357,93,41.088601537689875,93.58860153768987,0.5886015376898683,93,1.0063290487923642,S2
358,78,75.26680092407206,117.60013425740537,39.60013425740537,78,1.5076940289410945,S3
359,82,86.94788462386155,129.28121795719488,47.28121795719488,86.94788462386155,1.486881693746412,S3
360,62,4.897690498758278,101.76897616790839,39.76897616790839,62,1.6414350994823934,S1
361,70,12.731132038505965,93.93553462816071,23.93553462816071,70,1.3419362089737243,S1
362,60,41.48666511748943,62.48666511748942,2.486665117489423,60,1.0414444186248237,S3
363,36,29.777186554478686,40.11051988781202,4.110519887812018,36,1.1141811079947783,S3
364,94,73.87452794335498,116.20786127668829,22.20786127668829,94,1.2362538433690244,S3
365,83,26.016905461407646,132.6835721280743,49.6835721280743,83,1.5985972545551121,S1
366,83,23.86650241973719,130.53316908640386,47.53316908640386,83,1.5726887841735404,S1
367,61,55.73217024570404,76.73217024570403,15.732170245704026,61,1.2579044302574431,S3
368,50,11.974252140024644,65.30758547335797,15.307585473357975,50,1.3061517094671595,S1
369,82,16.165696140505815,90.50097052616086,8.500970526160856,82,1.1036703722702543,S1
370,26,50.060479272872136,71.06047927287213,45.06047927287213,50.060479272872136,1.419492587866212,S3
371,63,55.03865422310326,76.03865422310325,13.03865422310325,63,1.2069627654460833,S3
372,57,90.62593902113605,132.95927235446936,75.95927235446936,90.62593902113605,1.4671215966486175,S3
373,97,44.99604435818122,97.49604435818122,0.49604435818122283,97,1.005113859362693,S2
374,17,54.778529846971544,75.77852984697154,58.77852984697154,54.778529846971544,1.3833618766086873,S3
375,31,9.071450810652292,34.90478414398562,3.904784143985623,31,1.125960778838246,S2
376,43,55.587408759515235,76.58740875951523,33.58740875951523,55.587408759515235,1.377783394992401,S3
377,40,23.91265807174543,49.74599140507876,9.745991405078762,40,1.243649785126969,S2
378,33,80.93584445835481,123.26917779168812,90.26917779168812,80.93584445835481,1.5230480217589593,S3
379,25,88.72514592117199,131.0584792545053,106.0584792545053,88.72514592117199,1.477128923191002,S3
380,95,87.06155003069465,129.39488336402798,34.394883364027976,95,1.3620514038318734,S3
381,49,41.388357241332926,62.38835724133291,13.388357241332912,49,1.2732317804353654,S3
382,67,21.00049359862939,73.50049359862939,6.50049359862939,67,1.0970222925168567,S2
383,34,33.820310050331805,54.8203100503318,20.8203100503318,34,1.6123620603038764,S3
384,7,49.814589528379095,70.81458952837909,63.81458952837909,49.814589528379095,1.4215632448007307,S3
385,73,96.76852625619264,139.10185958952596,66.10185958952596,96.76852625619264,1.4374700635747693,S3
386,16,68.67531799032966,111.00865132366297,95.00865132366297,68.67531799032966,1.6164271906144558,S3
387,67,62.96269058459393,83.96269058459391,16.962690584593915,67,1.2531744863372225,S3
388,27,9.259815716013964,29.906850950652704,2.9068509506527036,27,1.1076611463204704,S2
389,31,38.45607593637491,59.4560759363749,28.4560759363749,38.45607593637491,1.5460775570223084,S3
390,82,44.58583923566094,97.08583923566093,15.085839235660927,82,1.1839736492153772,S2
391,39,84.86836762304526,127.20170095637857,88.20170095637857,84.86836762304526,1.498811683539888,S3
392,2,12.724702084245898,17.724702084245894,15.724702084245894,12.724702084245898,1.3929365078173703,S3
393,54,70.9511784938654,113.28451182719871,59.28451182719871,70.9511784938654,1.596654407044043,S3
394,60,96.82812659977115,139.16145993310448,79.16145993310448,96.82812659977115,1.4372007888607996,S3
395,62,0.01786878193756891,106.6487978847291,44.648797884729106,62,1.7201419013665984,S1
396,50,93.02385071428661,135.3571840476199,85.35718404761991,93.02385071428661,1.455080423012759,S3
397,67,85.54626738142326,127.87960071475658,60.87960071475658,85.54626738142326,1.4948589182106873,S3
398,57,24.846528308918458,77.34652830891845,20.34652830891845,57,1.3569566369985693,S2
399,13,22.38004144607364,32.71337477940697,19.71337477940697,22.38004144607364,1.4617209203223442,S3
400,19,52.2365607111808,73.23656071118079,54.236560711180786,52.2365607111808,1.4020172789726777,S3
401,87,10.889041380204667,95.77762528646201,8.777625286462012,87,1.100892244671977,S1
402,92,70.1003712768466,112.43370461017992,20.433704610179916,92,1.22210548489326,S3
403,97,89.488689197097,131.82202253043033,34.82202253043033,97,1.3589899229941271,S3
404,10,55.15009148185075,76.15009148185074,66.15009148185074,55.15009148185075,1.3807790601201602,S3
405,5,0.1366039978702438,6.530062668796424,1.5300626687964236,5,1.3060125337592847,S1
406,16,23.25768289669028,33.59101623002361,17.591016230023612,23.25768289669028,1.444297627551016,S3
407,4,64.55057763682427,106.88391097015759,102.88391097015759,64.55057763682427,1.6558164912405577,S3
408,38,96.24348962900552,138.57682296233884,100.57682296233884,96.24348962900552,1.439856591822654,S3
409,80,25.17939472813393,81.48727193853274,1.4872719385327429,80,1.0185908992316592,S1
410,81,43.74305285407745,96.24305285407743,15.243052854077433,81,1.1881858377046597,S2
411,97,11.213268413726073,117.87993508039274,20.87993508039274,97,1.2152570626844612,S1
412,9,30.034928414550922,40.368261747884254,31.368261747884254,30.034928414550922,1.3440438808679556,S3
413,74,19.170176526965154,87.49649013970152,13.496490139701521,74,1.1823850018878583,S1
414,33,22.358303361003983,48.19163669433732,15.19163669433732,33,1.460352627101131,S2
415,76,0.1152023751002762,106.55146429156639,30.55146429156639,76,1.4019929512048208,S1
416,68,30.152130124251574,82.65213012425157,14.65213012425157,68,1.215472501827229,S2
417,58,27.860365032359937,80.36036503235994,22.360365032359937,58,1.3855235350406885,S2
418,40,64.45756393627167,106.79089726960498,66.79089726960498,64.45756393627167,1.6567628490457336,S3
419,31,47.53042200675436,68.53042200675435,37.53042200675435,47.53042200675436,1.4418222921945816,S3
420,30,54.7002235405582,75.70022354055818,45.700223540558184,54.7002235405582,1.383910679714668,S3
421,3,96.06142298267048,138.3947563160038,135.3947563160038,96.06142298267048,1.4406902585751855,S3
422,90,64.96499799743133,107.29833133076464,17.29833133076464,90,1.1922036814529404,S3
423,7,2.17873841085674,8.012071744190074,1.0120717441900737,7,1.144581677741439,S2
424,63,88.48485251848642,130.81818585181975,67.81818585181975,88.48485251848642,1.4784246357249562,S3
425,82,42.00158721289937,94.50158721289937,12.501587212899366,82,1.1524583806451143,S2
426,32,22.78405105125535,33.11738438458868,1.1173843845886822,32,1.0349182620183963,S3
427,54,92.51608280108722,134.84941613442055,80.84941613442055,92.51608280108722,1.4575780994138225,S3
428,29,49.29434510625706,70.29434510625705,41.294345106257055,49.29434510625706,1.4260123540485865,S3
429,89,33.805157034346635,125.36150963232004,36.361509632320036,89,1.408556288003596,S2
430,53,36.23198917699357,57.231989176993565,4.231989176993565,53,1.079848852396105,S3
431,50,19.80796382334341,59.35870284332326,9.358702843323258,50,1.187174056866465,S2
432,37,73.91292217757531,116.24625551090863,79.24625551090863,73.91292217757531,1.572746037988158,S3
433,64,6.74324572475149,99.92342094191518,35.92342094191518,64,1.5613034522174247,S1
434,63,96.98587223918274,139.31920557251607,76.31920557251607,96.98587223918274,1.4364896902605828,S3
435,39,76.5857106596265,118.91904399295981,79.91904399295981,76.5857106596265,1.5527575962763778,S3
436,24,23.08088128649747,33.4142146198308,9.414214619830801,24,1.3922589424929501,S3
437,28,26.502195567243348,36.835528900576676,8.835528900576676,28,1.3155546035920243,S3
438,37,10.900806599800939,37.5674732664676,0.5674732664676014,37,1.015337115309935,S1
439,79,49.576472945584584,102.07647294558458,23.076472945584584,79,1.2921072524757542,S2
440,23,89.64761810252378,131.9809514358571,108.9809514358571,89.64761810252378,1.472219276198946,S3
441,62,41.70290821075141,62.7029082107514,0.7029082107514029,62,1.0113372292056677,S3
442,85,5.641707739801182,101.0249589268655,16.024958926865494,85,1.1885289285513587,S1
443,76,14.638305397274742,92.02836126939192,16.028361269391922,76,1.2108994903867358,S1
444,50,5.435837963930568,58.7691712972639,8.769171297263902,50,1.175383425945278,S1
445,3,97.41197049329216,139.74530382662547,136.74530382662547,97.41197049329216,1.4345804023772255,S3
446,18,41.53849337387124,62.53849337387123,44.53849337387123,41.53849337387124,1.5055551680940245,S3
447,90,6.013525414544951,100.65314125212171,10.653141252121713,90,1.1183682361346856,S1
448,50,44.96419645709351,65.9641964570935,15.964196457093493,50,1.3192839291418699,S3
449,91,88.35836374327538,130.6916970766087,39.691697076608705,91,1.4361724953473485,S3
450,93,11.320555953331146,95.34611071333552,2.34611071333552,93,1.0252269969175862,S1
451,10,93.1595498067392,135.4928831400725,125.49288314007251,93.1595498067392,1.4544175387403053,S3
452,42,19.06835227125301,44.90168560458634,2.9016856045863406,42,1.069087752490151,S2
453,83,93.58815515398798,135.9214884873213,52.92148848732131,93.58815515398798,1.4523364443254485,S3
454,95,46.76158281556791,99.2615828155679,4.261582815567905,95,1.0448587664796622,S2
455,39,66.4429863731394,108.77631970647272,69.77631970647272,66.4429863731394,1.6371377273079226,S3
456,48,83.91269994816453,126.24603328149784,78.24603328149784,83.91269994816453,1.504492566196582,S3
457,42,44.2435146639205,65.2435146639205,23.243514663920493,44.2435146639205,1.4746458358816819,S3
458,13,0.2870724188104301,13.046260914522904,0.04626091452290382,13,1.0035585318863771,S1
459,35,8.076297008594013,45.257036324739325,10.257036324739325,35,1.2930581807068378,S1
460,53,95.55148324755777,137.88481658089108,84.88481658089108,95.55148324755777,1.4430421370190014,S3
461,15,56.11289140900314,77.11289140900313,62.112891409003126,56.11289140900314,1.374245551649306,S3
462,97,20.740243330694497,127.40690999736117,30.40690999736117,97,1.3134732989418678,S1
463,45,76.87320844946326,119.20654178279658,74.20654178279658,76.87320844946326,1.5506903404605963,S3
464,39,82.20079824621695,124.53413157955026,85.53413157955026,82.20079824621695,1.5149990539815905,S3
465,55,8.776026255829128,62.109359589162466,7.109359589162466,55,1.1292610834393175,S1
466,90,47.34640508570956,99.84640508570956,9.846405085709563,90,1.1094045009523286,S2
467,47,54.15290364586295,75.15290364586293,28.152903645862935,54.15290364586295,1.3877908401243098,S3
468,57,19.30261874445467,59.864047922211995,2.864047922211995,57,1.050246454775649,S2
469,46,73.73198039605718,116.0653137293905,70.0653137293905,73.73198039605718,1.574151583965824,S3
470,60,3.0282055077419545,103.63846115892471,43.63846115892471,60,1.7273076859820786,S1
471,52,24.801304796207337,54.36536187045933,2.3653618704593313,52,1.0454877282780641,S2
472,80,76.66680023429737,119.00013356763068,39.000133567630684,80,1.4875016695953835,S3
473,5,37.5567659995365,58.556765999536495,53.556765999536495,37.5567659995365,1.5591535756901742,S3
474,59,6.25799432645594,59.59132765978927,0.5913276597892718,59,1.0100225027082927,S1
475,7,25.701595243022922,36.03492857635625,29.03492857635625,25.701595243022922,1.402050271028934,S3
476,95,6.285174115413261,100.38149255125342,5.381492551253416,95,1.0566472900131938,S1
477,77,33.90695330722204,86.40695330722204,9.40695330722204,77,1.1221682247691174,S2
478,34,33.497091351218224,54.49709135121822,20.497091351218216,34,1.6028556279770063,S3
479,78,4.358556316921458,102.30811034974522,24.30811034974522,78,1.311642440381349,S1
480,95,71.66357464311818,113.9969079764515,18.996907976451496,95,1.1999674523837,S3
481,40,92.42280742200488,134.7561407553382,94.75614075533821,92.42280742200488,1.4580398985289231,S3
482,38,0.37716159341637523,52.95617173991696,14.956171739916961,38,1.39358346683992,S1
483,96,59.556815711006216,101.89014904433954,5.8901490443395375,96,1.06135571921187,S3
484,81,94.6487724358217,136.982105769155,55.982105769155,94.6487724358217,1.4472676427160023,S3
485,8,2.425670494152843,8.259003827486177,0.25900382748617723,8,1.0323754784357722,S2
486,29,10.726137068263474,36.559470401596805,7.559470401596805,29,1.2606713931585105,S2
487,91,95.67776506077044,138.01109839410375,47.011098394103755,95.67776506077044,1.4424573808391634,S3
488,99,38.65147887900386,120.51518778766281,21.51518778766281,99,1.2173251291683111,S2
489,32,91.35439651454843,133.68772984788174,101.68772984788174,91.35439651454843,1.4633967816381077,S3
490,63,13.270727491452849,66.60406082478619,3.6040608247861883,63,1.0572073146791459,S1
491,63,18.293923146058,70.79392314605799,7.793923146057992,63,1.1237130658104444,S2
492,94,30.331478135850464,128.8351885308162,34.8351885308162,94,1.3705871120299595,S2
493,88,77.28093799301627,119.61427132634958,31.61427132634958,88,1.3592530832539724,S3
494,77,23.614251112788764,83.0524155538779,6.052415553877907,77,1.0786027994010117,S1
495,40,46.07811969657125,67.07811969657124,27.078119696571235,46.07811969657125,1.4557477635434553,S3
496,100,78.22486206570044,120.55819539903375,20.55819539903375,100,1.2055819539903374,S3
497,10,51.188478020810926,72.18847802081092,62.18847802081092,51.188478020810926,1.4102485717872357,S3
498,50,75.28856706614597,117.62190039947929,67.62190039947929,75.28856706614597,1.5622810339336208,S3
499,31,40.77567686493174,61.775676864931725,30.775676864931725,40.77567686493174,1.5150129100140235,S3
500,83,3.386371941633448,103.28029472503323,20.28029472503323,83,1.2443409003016053,S1
501,70,54.46166196894523,75.46166196894522,5.461661968945222,70,1.078023742413503,S3
502,20,98.02557708811332,140.35891042144664,120.35891042144664,98.02557708811332,1.4318600776538217,S3
503,13,98.7823829592504,141.11571629258373,128.11571629258373,98.7823829592504,1.4285514488023296,S3
504,33,62.4601573378463,83.46015733784628,50.46015733784628,62.4601573378463,1.3362143307838823,S3
505,26,9.642257855132419,29.52440881153425,3.5244088115342507,26,1.1355541850590096,S2
506,63,98.84321369958755,141.17654703292087,78.17654703292087,98.84321369958755,1.4282877068525541,S3
507,57,17.319186206308224,61.84748046035844,4.84748046035844,57,1.0850435168483936,S2
508,17,41.6840631223647,62.68406312236469,45.68406312236469,41.6840631223647,1.5037896602918464,S3
509,79,89.12625586547598,131.45958919880928,52.45958919880928,89.12625586547598,1.474981619302282,S3
510,30,74.79770447206839,117.1310378054017,87.1310378054017,74.79770447206839,1.5659710232035502,S3
511,99,66.44252222744124,108.77585556077456,9.77585556077456,99,1.0987460157653997,S3
512,15,77.97505918210086,120.30839251543418,105.30839251543418,77.97505918210086,1.5429086399853724,S3
513,37,29.378214686659653,39.71154801999298,2.711548019992982,37,1.0732850816214319,S3
514,72,26.76658807171213,79.26658807171212,7.266588071712121,72,1.100924834329335,S2
515,32,73.80674277270961,116.14007610604293,84.14007610604293,73.80674277270961,1.5735699983902591,S3
516,25,43.93977615790748,64.93977615790747,39.939776157907474,43.93977615790748,1.477926877108608,S3
517,23,24.534029689061644,34.867363022394976,11.867363022394976,24.534029689061644,1.4211836972684675,S3
518,19,28.13540986490831,38.46874319824164,19.46874319824164,28.13540986490831,1.3672714697581678,S3
519,74,18.825013433648586,87.84165323301808,13.841653233018079,74,1.1870493680137577,S1
520,8,39.606959560255504,60.60695956025549,52.60695956025549,39.606959560255504,1.5302098477933386,S3
521,31,50.7324513243949,71.73245132439489,40.73245132439489,50.7324513243949,1.4139362370984438,S3
522,29,64.96406555804826,107.29739889138158,78.29739889138158,64.96406555804826,1.6516423036287131,S3
523,12,65.33265520924009,107.66598854257342,95.66598854257342,65.33265520924009,1.6479659092034893,S3
524,4,10.2332420680613,15.233242068061296,11.233242068061296,10.2332420680613,1.4886037061123927,S3
525,60,88.28250230781936,130.61583564115267,70.61583564115267,88.28250230781936,1.4795212213823232,S3
526,29,84.05563641212667,126.38896974545999,97.38896974545999,84.05563641212667,1.50363467746258,S3
527,47,4.036186543764309,49.29714678956903,2.2971467895690267,47,1.0488754636078517,S1
528,37,23.289267807615268,49.1226011409486,12.122601140948603,37,1.3276378686742867,S2
529,6,18.957318067918195,29.290651401251523,23.290651401251523,18.957318067918195,1.5450841356521106,S3
530,74,19.4161608294947,87.25050583717197,13.250505837171971,74,1.1790608896915131,S1
531,9,37.22369634558931,58.2236963455893,49.2236963455893,37.22369634558931,1.5641567620000294,S3
532,22,44.91138577687903,65.91138577687902,43.911385776879015,44.91138577687903,1.4675874421762123,S3
533,33,77.49982087148449,119.8331542048178,86.8331542048178,77.49982087148449,1.546237821678754,S3
534,85,94.57020834560656,136.90354167893986,51.90354167893986,94.57020834560656,1.4476392097882058,S3
535,13,63.74572932433118,84.74572932433117,71.74572932433117,63.74572932433118,1.3294338338048393,S3
536,90,61.99479799695284,104.32813133028615,14.328131330286155,90,1.1592014592254016,S3
537,27,3.745451099208408,30.412117765875074,3.412117765875074,27,1.1263747320694473,S1
538,43,14.136948469405263,65.0297181972614,22.029718197261403,43,1.5123190278432885,S2
539,26,99.98737592616206,142.32070925949537,116.32070925949537,99.98737592616206,1.4233867819933121,S3
540,4,59.94233692603442,80.94233692603441,76.94233692603441,59.94233692603442,1.3503366915092558,S3
541,83,91.3955153550519,133.7288486883852,50.7288486883852,91.3955153550519,1.4631882994354528,S3
542,1,81.88331077042909,124.2166441037624,123.2166441037624,81.88331077042909,1.516995868083797,S3
543,52,67.83197400853726,110.16530734187057,58.16530734187057,67.83197400853726,1.62409113035698,S3
544,23,62.101379269507326,83.10137926950732,60.10137926950732,62.101379269507326,1.3381567405912882,S3
545,9,20.34077721198393,30.674110545317262,21.674110545317262,20.34077721198393,1.5080107424432811,S3
546,63,54.804483416309225,75.80448341630921,12.80448341630921,63,1.2032457685128446,S3
547,8,40.81700451775473,61.817004517754725,53.817004517754725,40.81700451775473,1.5144914539445278,S3
548,50,66.4026435838175,108.73597691715081,58.73597691715081,66.4026435838175,1.637524819021664,S3
549,19,63.91819457262543,84.91819457262542,65.91819457262542,63.91819457262543,1.3285449493749275,S3
550,11,65.30583513057925,107.63916846391257,96.63916846391257,65.30583513057925,1.6482320186042743,S3
551,50,69.54058875975524,111.87392209308855,61.87392209308855,69.54058875975524,1.608757188979001,S3
552,52,98.82387390978722,141.15720724312052,89.15720724312052,98.82387390978722,1.42837152257336,S3
553,85,30.759576274339384,128.4070903923273,43.40709039232729,85,1.5106716516744387,S2
554,6,31.23618866900918,41.56952200234251,35.56952200234251,31.23618866900918,1.3308128735816445,S3
555,72,88.36948749213049,130.7028208254638,58.70282082546379,88.36948749213049,1.4790492118346072,S3
556,53,41.64453820751098,62.644538207510976,9.644538207510976,53,1.181972419009641,S3
557,98,99.66203555630149,141.9953688896348,43.99536888963479,99.66203555630149,1.4247689011872346,S3
558,46,64.44782107859967,106.78115441193299,60.78115441193299,64.44782107859967,1.656862134744698,S3
559,50,72.80316979063558,115.1365031239689,65.1365031239689,72.80316979063558,1.5814765133863513,S3
560,26,94.19874102315052,136.53207435648383,110.53207435648383,94.19874102315052,1.4494044492901383,S3
561,55,90.16305815917764,132.49639149251095,77.49639149251095,90.16305815917764,1.4695197145886099,S3
562,54,11.353929207003544,64.68726254033687,10.687262540336874,54,1.1979122692654978,S1
563,11,40.621768368628366,61.62176836862835,50.62176836862835,40.621768368628366,1.516964200313298,S3
564,46,46.090623567293946,67.09062356729393,21.09062356729393,46.090623567293946,1.4556241242720278,S3
565,20,12.99750955017982,25.49750955017982,5.497509550179821,20,1.274875477508991,S2
566,6,55.154785620046255,76.15478562004624,70.15478562004624,55.154785620046255,1.3807466526053804,S3
567,82,80.64682402446456,122.98015735779788,40.98015735779788,82,1.4997580165585107,S3
568,50,8.903111199188608,62.23644453252194,12.236444532521944,50,1.2447288906504388,S1
569,79,92.72275594684751,135.05608928018083,56.05608928018083,92.72275594684751,1.4565581868338826,S3
570,94,50.446306296948826,102.94630629694882,8.94630629694882,94,1.0951734712441363,S2
571,18,34.794493975710125,55.79449397571011,37.79449397571011,34.794493975710125,1.6035437680070872,S3
572,20,52.11588753147818,73.11588753147817,53.115887531478165,52.11588753147818,1.4029481410503835,S3
573,8,10.879284429352543,15.879284429352541,7.879284429352541,10.879284429352543,1.4595890504075701,S3
574,62,75.35558179379524,117.68891512712855,55.68891512712855,75.35558179379524,1.561780989883075,S3
575,25,30.161529128738007,40.49486246207134,15.494862462071339,30.161529128738007,1.3425997829628504,S3
576,5,97.55465828835862,139.88799162169192,134.88799162169192,97.55465828835862,1.4339447656943412,S3
577,61,31.452596972416746,83.95259697241674,22.952596972416742,61,1.3762720815150287,S2
578,77,92.61678132144192,134.95011465477523,57.950114654775234,92.61678132144192,1.4570805930559005,S3
579,49,8.629442680046584,61.962776013379916,12.962776013379916,49,1.2645464492526513,S1
580,91,62.03429675714415,104.36763009047746,13.367630090477462,91,1.1468970339612907,S3
581,20,64.0324427081835,106.36577604151681,86.36577604151681,64.0324427081835,1.661123198536404,S3
582,28,62.105308774474665,83.10530877447465,55.10530877447465,62.105308774474665,1.3381353448584898,S3
583,78,84.63513791271518,126.9684712460485,48.968471246048495,84.63513791271518,1.5001862627906624,S3
584,60,18.296554360857066,60.8701123058096,0.8701123058095988,60,1.0145018717634933,S2
585,27,4.171257763911463,30.83792443057813,3.8379244305781306,27,1.1421453492806715,S1
586,66,15.647889959496531,68.14788995949652,2.147889959496524,66,1.0325437872650989,S2
587,45,12.305670342942431,65.63900367627576,20.639003676275763,45,1.4586445261394614,S1
588,31,97.06922972566089,139.4025630589942,108.40256305899419,97.06922972566089,1.4361148579521714,S3
589,24,4.109903338449083,30.77657000511575,6.776570005115751,24,1.2823570835464897,S1
590,71,84.24849939157161,126.58183272490493,55.58183272490493,84.24849939157161,1.5024817491000726,S3
591,86,3.812870135826185,102.85379653084048,16.853796530840484,86,1.195974378265587,S1
592,41,11.77310153084733,41.56023180248601,0.5602318024860082,41,1.0136641903045367,S1
593,76,45.573349706867205,98.07334970686719,22.07334970686719,76,1.290438811932463,S2
594,80,77.80861728356342,120.14195061689674,40.141950616896736,80,1.501774382711209,S3
595,83,42.00718649343521,94.5071864934352,11.5071864934352,83,1.1386408011257252,S2
596,74,24.92588492165494,77.42588492165494,3.4258849216549407,74,1.0462957421845263,S2
597,49,65.88427079278975,108.21760412612306,59.217604126123064,65.88427079278975,1.6425408192871158,S3
598,57,50.35783979173942,71.35783979173941,14.357839791739408,57,1.2518919261708668,S3
599,22,2.3375280227572404,24.329138643909427,2.3291386439094275,22,1.1058699383595194,S1
600,79,98.61376098506271,140.947094318396,61.94709431839601,98.61376098506271,1.4292842389384748,S3
601,59,23.525092338635666,76.02509233863566,17.02509233863566,59,1.2885608870955196,S2
602,97,61.857525840382934,104.19085917371625,7.190859173716248,97,1.0741325688011985,S3
603,58,83.65451483396367,125.98784816729699,67.98784816729699,83.65451483396367,1.506049594781058,S3
604,60,40.03423460355108,61.03423460355107,1.03423460355107,60,1.0172372433925179,S3
605,8,12.845587997566954,17.845587997566952,9.845587997566952,12.845587997566954,1.389238702109007,S3
606,55,36.533231356526265,57.53323135652626,2.533231356526258,55,1.046058751936841,S3
607,56,50.43420606118533,71.43420606118532,15.434206061185321,56,1.2756108225211664,S3
608,84,4.0766790812102105,102.58998758545646,18.589987585456456,84,1.2213093760173388,S1
609,81,13.027096601010124,93.63957006565654,12.639570065656542,81,1.1560440748846488,S1
610,93,31.372584981945216,127.79408168472145,34.79408168472145,93,1.3741299105884026,S2
611,92,51.14817327258583,103.64817327258582,11.648173272585822,92,1.126610579049846,S2
612,6,75.20588822955196,117.53922156288527,111.53922156288527,75.20588822955196,1.5628991868843927,S3
613,48,65.27456563030776,107.60789896364108,59.60789896364108,65.27456563030776,1.6485425513682384,S3
614,100,13.618571330500007,120.28523799716667,20.285237997166675,100,1.2028523799716668,S1
615,8,99.61241827467364,141.94575160800696,133.94575160800696,99.61241827467364,1.4249804800100563,S3
616,93,69.25495476647426,111.58828809980757,18.58828809980757,93,1.1998740655893287,S3
617,14,19.37073031933417,29.7040636526675,15.7040636526675,19.37073031933417,1.533450890234092,S3
618,62,28.78815975534862,81.28815975534862,19.288159755348616,62,1.3110993508927196,S2
619,21,68.61339568226153,110.94672901559484,89.94672901559484,68.61339568226153,1.6169835046405912,S3
620,92,93.05834786677866,135.39168120011198,43.391681200111975,93.05834786677866,1.4549117226316683,S3
621,8,83.3036082617174,125.63694159505071,117.63694159505071,83.3036082617174,1.5081812686952698,S3
622,78,75.617976674602,117.95131000793532,39.95131000793532,78,1.5121962821530168,S3
623,20,32.383900803727826,53.38390080372781,33.38390080372781,32.383900803727826,1.6484703657930733,S3
624,78,27.49925919254287,79.99925919254287,1.9992591925428655,78,1.0256315281095238,S2
625,58,14.357229511560043,64.80943715510662,6.809437155106622,58,1.1174040888811487,S2
626,64,96.43277966969296,138.76611300302628,74.76611300302628,96.43277966969296,1.438993187568956,S3
627,61,20.832334154760655,73.33233415476064,12.332334154760645,61,1.2021694123731252,S2
628,33,61.58662401587291,82.5866240158729,49.5866240158729,61.58662401587291,1.340983132872937,S3
629,30,31.90775168856006,42.24108502189339,12.24108502189339,31.90775168856006,1.3238502491242012,S3
630,4,19.894214855206293,30.22754818853962,26.22754818853962,19.894214855206293,1.5194139808251397,S3
631,51,16.1229346965043,63.04373197016236,12.043731970162362,51,1.2361516072580856,S2
632,35,67.96799550043369,110.301328833767,75.301328833767,67.96799550043369,1.622842163015727,S3
633,48,16.874204421135897,62.29246224553077,14.292462245530771,48,1.2977596301152243,S2
634,100,26.434085603862023,133.1007522705287,33.10075227052869,100,1.3310075227052869,S1
635,98,53.07212326569227,105.57212326569226,7.572123265692255,98,1.0772665639356354,S2
636,81,85.82889687998528,128.1622302133186,47.162230213318594,85.82889687998528,1.4932293769606302,S3
637,57,55.51801213730313,76.51801213730312,19.518012137303117,57,1.3424212655667214,S3
638,74,68.87287116239587,111.20620449572918,37.20620449572918,74,1.5027865472395836,S3
639,13,25.203159446235446,35.536492779568775,22.536492779568775,25.203159446235446,1.4100015061753222,S3
640,68,62.97762159749819,83.97762159749819,15.977621597498185,68,1.2349650234926204,S3
641,50,73.79231214349761,116.12564547683093,66.12564547683093,73.79231214349761,1.5736821642207293,S3
642,47,26.47541193346662,52.30874526679995,5.308745266799953,47,1.1129520269531905,S2
643,47,57.736051191535175,78.73605119153517,31.736051191535168,57.736051191535175,1.3637242167867354,S3
644,46,33.08288511979519,54.08288511979518,8.08288511979518,46,1.1757148939085909,S3
645,10,44.228162787889914,65.2281627878899,55.2281627878899,44.228162787889914,1.4748105884640088,S3
646,22,61.537364679273,82.53736467927298,60.53736467927298,61.537364679273,1.3412560825353836,S3
647,6,29.638340189922076,39.971673523255404,33.971673523255404,29.638340189922076,1.3486475041151924,S3
648,66,25.365250043624965,77.86525004362495,11.865250043624954,66,1.1797765158124993,S2
649,81,96.59572391514122,138.92905724847452,57.92905724847452,96.59572391514122,1.438252663963913,S3
650,74,92.84592245794722,135.17925579128053,61.179255791280525,92.84592245794722,1.4559525309526369,S3
651,40,73.30387756361884,115.63721089695215,75.63721089695215,73.30387756361884,1.5775046933444024,S3
652,95,3.3793153029959666,103.2873513636707,8.287351363670695,95,1.087235277512323,S1
653,19,29.09716190103594,39.43049523436927,20.430495234369268,29.09716190103594,1.3551320011373835,S3
654,80,43.22328747636598,95.72328747636598,15.723287476365982,80,1.1965410934545748,S2
655,65,36.40989951457265,88.90989951457264,23.909899514572643,65,1.3678446079165023,S2
656,6,13.202329343851282,18.20232934385128,12.202329343851279,13.202329343851282,1.3787210476103329,S3
657,29,61.25194330000014,82.25194330000014,53.251943300000136,61.25194330000014,1.3428462652547375,S3
658,5,2.2289522397466177,6.93771442692005,1.9377144269200501,5,1.38754288538401,S2
659,0,56.712116565527445,77.71211656552744,77.71211656552744,56.712116565527445,1.3702912405982195,S3
660,38,10.636265220559205,42.69706811277413,4.697068112774133,38,1.1236070555993194,S1
661,45,53.41131107826453,74.41131107826452,29.411311078264518,53.41131107826453,1.3931751454149537,S3
662,52,58.35909195330365,79.35909195330363,27.359091953303633,58.35909195330365,1.359841102682051,S3
663,75,13.372671011227643,93.29399565543903,18.293995655439033,75,1.2439199420725204,S1
664,46,62.392955890649326,83.39295589064932,37.39295589064932,62.392955890649326,1.3365764564321148,S3
665,60,15.86234356071703,63.304323105949635,3.304323105949635,60,1.0550720517658272,S2
666,1,93.65909159295467,135.99242492628798,134.99242492628798,93.65909159295467,1.4519938493244766,S3
667,31,70.74726160564502,113.08059493897834,82.08059493897834,70.74726160564502,1.5983741613817528,S3
668,57,9.580466943732379,62.91380027706571,5.913800277065711,57,1.1037508820537845,S1
669,81,14.469163023893227,92.19750364277344,11.197503642773441,81,1.1382407857132524,S1
670,85,78.21561341714869,120.548946750482,35.548946750482,85,1.4182229029468472,S3
671,51,81.15705271381127,123.49038604714458,72.49038604714458,81.15705271381127,1.521622359582423,S3
672,1,5.613056305756681,7.946389639090013,6.946389639090013,5.613056305756681,1.4156974749995461,S3
673,71,89.2676557230448,131.60098905637813,60.600989056378125,89.2676557230448,1.474229248997796,S3
674,76,64.560410066301,106.89374339963432,30.893743399634317,76,1.406496623679399,S3
675,56,60.188146633771886,81.18814663377188,25.18814663377188,60.188146633771886,1.3489059087959485,S3
676,66,73.35223741296802,115.68557074630134,49.68557074630134,73.35223741296802,1.5771239545836833,S3
677,31,16.509916561472014,42.343249894805346,11.343249894805346,31,1.3659112869292047,S2
678,0,4.400198207444328,6.73353154077766,6.73353154077766,4.400198207444328,1.5302791427408338,S3
679,68,2.5225240036761187,104.14414266299056,36.14414266299056,68,1.5315315097498612,S1
680,23,23.766880601060848,34.100213934394176,11.100213934394176,23.766880601060848,1.434778695058202,S3
681,7,91.17419628714937,133.5075296204827,126.5075296204827,91.17419628714937,1.4643126570593092,S3
682,13,1.2350094412562074,14.568342774589542,1.5683427745895422,13,1.1206417518915033,S1
683,70,65.6799912012522,108.01332453458551,38.01332453458551,70,1.5430474933512215,S3
684,25,14.226654479785461,40.059987813118795,15.059987813118795,25,1.6023995125247519,S2
685,25,51.82580918675882,72.8258091867588,47.8258091867588,51.82580918675882,1.405203514031487,S3
686,82,50.69482151239865,103.19482151239865,21.194821512398647,82,1.2584734330780323,S2
687,82,41.524451832011934,94.02445183201192,12.02445183201192,82,1.1466396564879502,S2
688,78,17.463947466444974,89.2027192002217,11.202719200221694,78,1.1436246051310472,S1
689,39,6.376718953450144,46.95661437988319,7.956614379883192,39,1.2040157533303382,S1
690,80,4.849077756748599,101.81758890991807,21.817588909918072,80,1.2727198613739759,S1
691,92,78.29741796696578,120.6307513002991,28.630751300299096,92,1.311203818481512,S3
692,91,53.840634231529684,95.15936576847031,4.159365768470309,91,1.0457073161370363,S3
693,48,84.44324764359553,126.77658097692884,78.77658097692884,84.44324764359553,1.5013228945434103,S3
694,95,91.22597162817831,133.55930496151163,38.55930496151163,95,1.4058874206474907,S3
695,10,74.17549465263728,116.5088279859706,106.5088279859706,74.17549465263728,1.5707185847776233,S3
696,57,17.539172787925907,61.62749387874076,4.627493878740758,57,1.0811841031358027,S2
697,13,26.142674112540988,36.476007445874316,23.476007445874316,26.142674112540988,1.3952668839021443,S3
698,82,3.8817563081283257,102.78491035853834,20.78491035853834,82,1.2534745165675407,S1
699,42,89.12739288036082,131.46072621369413,89.46072621369413,89.12739288036082,1.474975559872586,S3
700,88,94.28506258527439,136.6183959186077,48.61839591860769,94.28506258527439,1.4489930024180202,S3
701,33,71.16842273811466,113.50175607144797,80.50175607144797,71.16842273811466,1.5948330973852178,S3
702,34,63.58659383191746,84.58659383191745,50.586593831917455,63.58659383191746,1.3302582939968548,S3
703,86,43.60527223775811,96.1052722377581,10.1052722377581,86,1.1175031655553267,S2
704,100,91.72751942518698,134.0608527585203,34.0608527585203,100,1.3406085275852029,S3
705,33,29.561698915066703,39.895032248400035,6.895032248400035,33,1.2089403711636375,S3
706,27,8.542111426625542,30.624555240041126,3.6245552400411256,27,1.13424278666819,S2
707,64,1.52277065051315,105.14389601615352,41.14389601615352,64,1.6428733752523987,S1
708,33,90.47025236197508,132.8035856953084,99.80358569530841,90.47025236197508,1.4679254476262096,S3
709,95,20.277638692183707,126.94430535885037,31.94430535885037,95,1.3362558458826355,S1
710,20,74.61513498049855,116.94846831383187,96.94846831383187,74.61513498049855,1.5673558500483524,S3
711,41,19.193697631481875,45.02703096481521,4.027030964815211,41,1.0982202674345174,S2
712,49,32.85537257882276,53.85537257882275,4.855372578822752,49,1.099089236302505,S3
713,30,37.94489347008495,58.944893470084935,28.944893470084935,37.94489347008495,1.5534341535721006,S3
714,80,92.16779000523906,134.50112333857237,54.50112333857237,92.16779000523906,1.4593072409670123,S3
715,85,84.15206743703291,126.48540077036623,41.485400770366226,85,1.4880635384748968,S3
716,68,46.94929456125237,99.44929456125237,31.449294561252373,68,1.4624896259007703,S2
717,67,69.76182088731356,112.09515422064688,45.095154220646876,69.76182088731356,1.606826668152978,S3
718,3,43.721400913370054,64.72140091337005,61.72140091337005,43.721400913370054,1.4803139780815708,S3
719,92,23.38284818108415,130.04951484775083,38.04951484775083,92,1.4135816831277264,S1
720,39,78.92023936805583,121.25357270138915,82.25357270138915,78.92023936805583,1.5364065501107487,S3
721,50,62.26220696071706,83.26220696071705,33.26220696071705,62.26220696071706,1.3372832577754508,S3
722,9,56.52045749931762,77.52045749931762,68.52045749931762,56.52045749931762,1.3715468863685953,S3
723,21,14.459491545642623,22.540508454357376,1.5405084543573757,21,1.0733575454455893,S3
724,3,11.189304371683573,16.18930437168357,13.18930437168357,11.189304371683573,1.4468553034139764,S3
725,79,92.89488357440476,135.22821690773807,56.22821690773807,92.89488357440476,1.4557122169104841,S3
726,44,97.74080748993276,140.07414082326608,96.07414082326608,97.74080748993276,1.433118309746864,S3
727,89,2.873262786023212,103.79340388064347,14.793403880643467,89,1.1662180211308255,S1
728,5,13.84021914945931,18.84021914945931,13.840219149459308,13.84021914945931,1.3612659558353404,S3
729,82,63.38781270581955,84.38781270581954,2.3878127058195417,82,1.0291196671441407,S3
730,89,6.7827692156920305,99.88389745097464,10.883897450974644,89,1.1222909825952208,S1
731,5,6.576526803149263,8.909860136482596,3.909860136482596,6.576526803149263,1.3547972057554731,S3
732,75,76.17686417952635,118.51019751285966,43.51019751285966,76.17686417952635,1.5557242843912051,S3
733,25,81.75616260958445,124.08949594291776,99.08949594291776,81.75616260958445,1.517799906234475,S3
734,68,89.12802164566774,131.46135497900104,63.461354979001044,89.12802164566774,1.4749722090952637,S3
735,8,87.97146072074194,130.30479405407527,122.30479405407527,87.97146072074194,1.4812166694346132,S3
736,96,91.44087784830216,133.77421118163548,37.77421118163548,96,1.3934813664753696,S3
737,49,10.71158889426097,64.0449222275943,15.044922227594299,49,1.3070392291345776,S1
738,26,20.3160443246139,30.649377657947234,4.649377657947234,26,1.1788222176133551,S3
739,4,3.442682288029386,4.442682288029386,0.4426822880293857,4,1.1106705720073464,S3
740,96,63.41727531512805,105.75060864846137,9.750608648461366,96,1.1015688400881392,S3
741,96,63.15364959259273,105.48698292592604,9.486982925926043,96,1.0988227388117295,S3
742,36,47.711534127501466,68.71153412750145,32.71153412750145,47.711534127501466,1.4401451427631908,S3
743,16,9.786181741928523,22.286181741928523,6.286181741928523,16,1.3928863588705327,S2
744,96,64.63201955332862,106.96535288666193,10.965352886661933,96,1.1142224259027285,S3
745,37,31.913887960103004,42.24722129343633,5.247221293436333,37,1.1418167917144955,S3
746,54,26.115961388437793,78.61596138843778,24.615961388437782,54,1.4558511368229219,S2
747,44,25.670226611269598,51.50355994460293,7.503559944602927,44,1.17053545328643,S2
748,36,4.8408036796466885,48.492529653686645,12.492529653686645,36,1.3470147126024068,S1
749,97,36.80243187422614,122.36423479244053,25.364234792440527,97,1.2614869566230982,S2
750,41,76.92375031411586,119.25708364744918,78.25708364744918,76.92375031411586,1.5503285157115507,S3
751,77,50.37373190826384,102.87373190826384,25.873731908263835,77,1.3360224923151147,S2
752,36,61.827585656683816,82.82758565668381,46.82758565668381,61.827585656683816,1.3396542138424874,S3
753,3,78.90558571586082,121.23891904919414,118.23891904919414,78.90558571586082,1.5365061668229134,S3
754,3,43.64495837585803,64.64495837585802,61.644958375858025,43.64495837585803,1.4811552303281845,S3
755,98,9.82995133607213,116.4966180027388,18.4966180027388,98,1.188741000027947,S1
756,60,70.46594697841785,112.79928031175116,52.79928031175116,70.46594697841785,1.6007629947313284,S3
757,68,56.60974250478614,77.60974250478613,9.609742504786126,68,1.141319742717443,S3
758,91,86.22393222736552,128.55726556069885,37.55726556069885,91,1.4127172039637237,S3
759,11,57.454091176249946,78.45409117624993,67.45409117624993,57.454091176249946,1.3655092191011953,S3
760,36,17.037126001758484,42.870459335091816,6.870459335091816,36,1.1908460926414393,S2
761,0,52.35557347687718,73.35557347687717,73.35557347687717,52.35557347687718,1.4011034280672072,S3
762,36,76.21810194143536,118.55143527476868,82.55143527476868,76.21810194143536,1.5554236100744347,S3
763,6,0.43616693303262233,6.230499733634044,0.2304997336340442,6,1.0384166222723408,S1
764,62,9.568900981161066,62.9022343144944,0.9022343144944003,62,1.014552166362813,S1
765,88,79.67718975643805,122.01052308977137,34.01052308977137,88,1.38648321692922,S3
766,23,96.71561903847878,139.0489523718121,116.0489523718121,96.71561903847878,1.4377093767707863,S3
767,75,34.71856784612433,87.21856784612433,12.21856784612433,75,1.1629142379483244,S2
768,65,26.05750827342822,78.55750827342821,13.557508273428212,65,1.208577050360434,S2
769,20,28.372975301177007,38.706308634510336,18.706308634510336,28.372975301177007,1.364196324976347,S3
770,27,93.82892303129967,136.16225636463298,109.16225636463298,93.82892303129967,1.4511757352177181,S3
771,29,49.83156037762092,70.8315603776209,41.8315603776209,49.83156037762092,1.4214196754198163,S3
772,14,93.87113201359783,136.20446534693116,122.20446534693116,93.87113201359783,1.4509728648760842,S3
773,98,8.088259764233008,98.57840690243367,0.5784069024336702,98,1.0059021112493232,S1
774,100,99.11152250853057,141.4448558418639,41.4448558418639,100,1.414448558418639,S3
775,71,78.69331322949968,121.026646562833,50.026646562832994,78.69331322949968,1.5379533736223965,S3
776,80,32.66442146570762,85.16442146570762,5.164421465707619,80,1.0645552683213453,S2
777,12,40.12705678381367,61.12705678381366,49.12705678381366,40.12705678381367,1.5233376600017896,S3
778,50,89.1841723698433,131.5175057031766,81.5175057031766,89.1841723698433,1.474673164625878,S3
779,95,8.617290423907331,98.04937624275934,3.0493762427593367,95,1.0320986972922035,S1
780,82,2.5174031942710173,104.14926347239566,22.14926347239566,82,1.2701129691755568,S1
781,26,30.31410296499387,40.6474362983272,14.6474362983272,30.31410296499387,1.3408754448471083,S3
782,54,90.12156840036583,132.45490173369916,78.45490173369916,90.12156840036583,1.4697358699447742,S3
783,64,17.11047767050947,69.61047767050947,5.610477670509468,64,1.0876637136017104,S2
784,80,23.35755746358639,83.30910920308028,3.3091092030802827,80,1.0413638650385035,S1
785,58,12.688052305239871,66.02138563857321,8.021385638573207,58,1.1382997523891931,S1
786,76,75.44756806584803,117.78090139918135,41.780901399181346,76,1.5497487026208072,S3
787,96,60.53489047758273,102.86822381091605,6.868223810916049,96,1.0715439980303756,S3
788,4,34.84854443489095,55.84854443489094,51.84854443489094,34.84854443489095,1.602607665270933,S3
789,41,52.17321824679281,73.1732182467928,32.1732182467928,52.17321824679281,1.4025053601383102,S3
790,57,66.21001776586172,108.54335109919504,51.543351099195036,66.21001776586172,1.6393795797342412,S3
791,94,32.33339128609786,126.83327538056881,32.83327538056881,94,1.3492901636230725,S2
792,59,43.879803038434204,64.87980303843419,5.87980303843419,59,1.0996576786175287,S3
793,98,25.721289648987177,132.38795631565384,34.38795631565384,98,1.3508975134250392,S1
794,29,12.605704616050229,38.43903794938356,9.439037949383561,29,1.3254840672201227,S2
795,59,64.27009320640975,106.60342653974307,47.60342653974307,64.27009320640975,1.6586785738333323,S3
796,89,23.79404120721177,130.46070787387845,41.46070787387845,89,1.465850650268297,S1
797,24,26.748278216650846,37.081611549984174,13.081611549984174,26.748278216650846,1.3863177005128058,S3
798,96,70.31661631653014,112.64994964986346,16.64994964986346,96,1.173436975519411,S3
799,79,15.45943373690254,91.20723292976413,12.207232929764132,79,1.1545219358197991,S1
800,19,97.47673366038578,139.8100669937191,120.81006699371909,97.47673366038578,1.434291668828635,S3
801,92,32.656257303726,126.51040936294066,34.51040936294066,92,1.375113145249355,S2
802,66,34.86320835420813,87.36320835420813,21.363208354208126,66,1.3236849750637596,S2
803,30,32.80750733300537,53.80750733300536,23.80750733300536,32.80750733300537,1.640097395600468,S3
804,24,25.868816655239613,36.20214998857294,12.202149988572941,25.868816655239613,1.3994513344405477,S3
805,93,99.49253358081472,141.82586691414804,48.82586691414804,99.49253358081472,1.4254925652179442,S3
806,21,96.23857115052628,138.5719044838596,117.57190448385961,96.23857115052628,1.4398790716366723,S3
807,13,19.543204742843578,29.876538076176907,16.876538076176907,19.543204742843578,1.5287430321333166,S3
808,19,98.38327851021226,140.7166118435456,121.71661184354559,98.38327851021226,1.4302899229866495,S3
809,38,73.32925967678754,115.66259301012086,77.66259301012086,73.32925967678754,1.5773047964744962,S3
810,55,27.382055816196594,79.88205581619658,24.882055816196583,55,1.4524010148399378,S2
811,13,63.79808627918548,84.79808627918547,71.79808627918547,63.79808627918548,1.3291634784796258,S3
812,13,28.080440466436706,38.413773799770034,25.413773799770034,28.080440466436706,1.3679904289850546,S3
813,49,46.39163541341692,67.3916354134169,18.391635413416907,49,1.375339498232998,S3
814,1,39.902112524455504,60.90211252445549,59.90211252445549,39.902112524455504,1.5262879249094732,S3
815,55,69.34393511895252,111.67726845228583,56.67726845228583,69.34393511895252,1.6104835738080736,S3
816,64,98.08812784580716,140.42146117914046,76.42146117914046,98.08812784580716,1.4315846806647239,S3
817,37,46.32792474487222,67.3279247448722,30.327924744872206,46.32792474487222,1.4532903236146868,S3
818,18,25.721355977437476,36.054689310770804,18.054689310770804,25.721355977437476,1.4017413911769514,S3
819,94,40.47133699470583,118.69532967196083,24.695329671960835,94,1.2627162731059662,S2
820,94,24.228424510362657,130.89509117702931,36.895091177029315,94,1.392500969968397,S1
821,55,70.11619178502114,112.44952511835446,57.44952511835446,70.11619178502114,1.6037597344580392,S3
822,75,74.91000566423021,117.24333899756353,42.24333899756353,75,1.5632445199675138,S3
823,53,84.59935503346071,126.93268836679403,73.93268836679403,84.59935503346071,1.5003978259242006,S3
824,85,72.2219591233769,114.55529245671022,29.55529245671022,85,1.3477093230201203,S3
825,99,64.16923455899844,106.50256789233175,7.502567892331754,99,1.0757835140639571,S3
826,74,85.24439873442512,127.57773206775843,53.57773206775843,85.24439873442512,1.4966113194747352,S3
827,86,18.150495470716667,88.51617119595001,2.516171195950008,86,1.02925780460407,S1
828,15,45.39026948252979,66.39026948252977,51.390269482529774,45.39026948252979,1.4626542261019766,S3
829,40,25.980808308926918,51.81414164226025,11.814141642260253,40,1.2953535410565062,S2
830,89,9.786681007403297,96.87998565926337,7.879985659263369,89,1.0885391647108245,S1
831,53,24.239612208588458,54.92705445807821,1.92705445807821,53,1.0363595180769474,S2
832,51,71.31504767584464,113.64838100917795,62.64838100917795,71.31504767584464,1.593610110530322,S3
833,80,15.645839460239541,91.02082720642713,11.020827206427128,80,1.137760340080339,S1
834,54,48.27435944616383,69.27435944616383,15.274359446163828,54,1.2828585082622932,S3
835,2,62.156877561314026,83.15687756131402,81.15687756131402,62.156877561314026,1.3378548090560816,S3
836,52,51.825226601395755,72.82522660139574,20.82522660139574,52,1.4004851269499181,S3
837,84,93.01973795368734,135.35307128702067,51.35307128702067,93.01973795368734,1.4551005438696274,S3
838,23,89.4494419205857,131.782775253919,108.782775253919,89.4494419205857,1.4732654829855434,S3
839,41,77.81794221001275,120.15127554334606,79.15127554334606,77.81794221001275,1.5440047902974017,S3
840,49,83.18714237946283,125.52047571279614,76.52047571279614,83.18714237946283,1.5088927461918025,S3
841,13,3.8145529115372168,15.35211375512945,2.3521137551294498,13,1.18093182731765,S2
842,69,21.788148701818734,74.28814870181873,5.288148701818727,69,1.0766398362582423,S2
843,91,78.17917015502323,120.51250348835654,29.512503488356543,91,1.3243132251467753,S3
844,25,51.92199747875891,72.9219974787589,47.9219974787589,51.92199747875891,1.404452852735317,S3
845,12,84.71595017206705,127.04928350540037,115.04928350540037,84.71595017206705,1.4997091249918089,S3
846,58,54.10353184117519,75.10353184117518,17.103531841175183,58,1.2948884800202618,S3
847,91,47.5735526622766,100.0735526622766,9.073552662276597,91,1.0997093699151275,S2
848,2,63.92612888855248,84.92612888855247,82.92612888855247,63.92612888855248,1.3285041713789827,S3
849,47,52.16882701430605,73.16882701430605,26.168827014306046,52.16882701430605,1.4025392404211283,S3
850,52,74.21099316177711,116.54432649511043,64.54432649511043,74.21099316177711,1.5704455839992368,S3
851,58,21.008941523937853,58.157725142728815,0.15772514272881466,58,1.0027193990125658,S2
852,87,18.380263740191616,88.28640292647505,1.2864029264750485,87,1.0147862405341959,S1
853,65,76.27016375414432,118.60349708747763,53.603497087477635,76.27016375414432,1.555044479382451,S3
854,15,72.91064857279386,115.24398190612717,100.24398190612717,72.91064857279386,1.580619349326838,S3
855,78,35.547300158119796,88.04730015811978,10.047300158119782,78,1.1288115404887151,S2
856,7,25.24577176150472,35.57910509483805,28.57910509483805,25.24577176150472,1.4093094650047424,S3
857,48,39.96841763072001,60.96841763072,12.968417630719998,48,1.2701753673066667,S3
858,1,7.5184959311652815,9.851829264498614,8.851829264498614,7.5184959311652815,1.3103457599360158,S3
859,53,62.856477274188926,83.85647727418892,30.85647727418892,62.856477274188926,1.3340944467567757,S3
860,86,35.21250008059684,87.71250008059684,1.7125000805968398,86,1.019912791634847,S2
861,33,10.925847459157778,36.75918079249111,3.759180792491108,33,1.1139145694694275,S2
862,38,74.14706230199164,116.48039563532495,78.48039563532495,74.14706230199164,1.57093743189602,S3
863,67,97.1501098714122,139.48344320474553,72.48344320474553,97.1501098714122,1.4357517803054025,S3
864,50,46.21165485085008,67.21165485085007,17.211654850850067,50,1.3442330970170013,S3
865,21,12.929918564423104,25.429918564423104,4.4299185644231045,21,1.210948503067767,S2
866,99,6.889495856741368,99.77717080992531,0.777170809925309,99,1.0078502102012656,S1
867,81,19.317202619581387,87.34946404708528,6.349464047085277,81,1.0783884450257442,S1
868,82,56.20539167575891,92.79460832424108,10.794608324241082,82,1.1316415649297693,S3
869,28,81.46393221904651,123.79726555237983,95.79726555237983,81.46393221904651,1.5196573769543087,S3
870,18,35.313171644536986,56.31317164453698,38.31317164453698,35.313171644536986,1.5946789546797542,S3
871,81,83.06990699376102,125.40324032709434,44.40324032709434,83.06990699376102,1.5096109393322514,S3
872,52,46.81008830378855,67.81008830378853,15.810088303788532,52,1.304040159688241,S3
873,37,75.98879303654113,118.32212636987444,81.32212636987444,75.98879303654113,1.557099693805852,S3
874,83,12.5166079251816,94.15005874148507,11.150058741485068,83,1.1343380571263262,S1
875,60,35.47461687296142,87.9746168729614,27.974616872961406,60,1.4662436145493567,S2
876,29,26.74244843736314,37.07578177069647,8.075781770696473,29,1.2784752334722922,S3
877,48,68.74514986094023,111.07848319427355,63.078483194273545,68.74514986094023,1.615801018965941,S3
878,54,67.88186146757731,110.21519480091062,56.21519480091062,67.88186146757731,1.6236324758647516,S3
879,61,0.2695052366231132,106.39716143004355,45.39716143004355,61,1.744215761148255,S1
880,92,79.89129370541251,122.22462703874582,30.224627038745822,92,1.3285285547689762,S3
881,45,24.49672270894253,50.330056042275864,5.330056042275864,45,1.1184456898283526,S2
882,38,32.0320512947068,53.03205129470679,15.03205129470679,38,1.395580297229126,S3
883,62,42.8493273432284,63.849327343228396,1.8493273432283956,62,1.0298278603746516,S3
884,81,8.542150750208211,98.12451591645845,17.12451591645845,81,1.2114137767464006,S1
885,46,15.275316632335034,63.89135003433163,17.89135003433163,46,1.3889423920506876,S2
886,38,85.44454603277943,127.77787936611274,89.77787936611274,85.44454603277943,1.4954480455322778,S3
887,7,8.527993282601143,13.527993282601141,6.527993282601141,8.527993282601143,1.586304401787115,S3
888,72,90.58059478156333,132.91392811489663,60.913928114896635,90.58059478156333,1.4673554356252667,S3
889,100,94.26126937598117,136.59460270931447,36.59460270931447,100,1.3659460270931447,S3
890,67,83.13279997196064,125.46613330529395,58.46613330529395,83.13279997196064,1.5092254001743195,S3
891,81,58.24553446098106,90.75446553901892,9.754465539018923,81,1.1204255004817152,S3
892,84,1.1479058934371622,105.5187607732295,21.518760773229502,84,1.2561757234908275,S1
893,9,65.59567398800878,107.9290073213421,98.9290073213421,65.59567398800878,1.6453677622257843,S3
894,32,60.82005880885715,81.82005880885714,49.82005880885714,60.82005880885715,1.3452808236505978,S3
895,74,14.273255209754288,92.39341145691239,18.39341145691239,74,1.2485596142825999,S1
896,29,18.56634749196885,44.399680825302184,15.399680825302184,29,1.531023476734558,S2
897,57,34.64440761870532,87.14440761870532,30.144407618705316,57,1.5288492564685143,S2
898,19,20.85409157282655,31.187424906159883,12.187424906159883,20.85409157282655,1.495506279774754,S3
899,51,79.16743497142323,121.50076830475655,70.50076830475655,79.16743497142323,1.5347316525868777,S3
900,21,60.95133788223218,81.95133788223217,60.95133788223217,60.95133788223218,1.3445371460192617,S3
901,88,60.83671448914273,88.16328551085726,0.16328551085726417,88,1.0018555171688326,S3
902,100,9.040580442888968,115.70724710955564,15.707247109555638,100,1.1570724710955564,S1
903,70,78.80738275989535,121.14071609322866,51.14071609322866,78.80738275989535,1.5371747144847008,S3
904,38,19.737051050708875,45.57038438404221,7.570384384042207,38,1.1992206416853213,S2
905,88,21.310077258047066,127.97674392471373,39.97674392471373,88,1.4542811809626561,S1
906,10,74.19119390791597,116.52452724124929,106.52452724124929,74.19119390791597,1.5705978176584712,S3
907,56,67.12285122475213,109.45618455808544,53.45618455808544,67.12285122475213,1.630684372920716,S3
908,14,55.50637924553645,76.50637924553644,62.506379245536436,55.50637924553645,1.3783348920509655,S3
909,33,41.90381484789829,62.903814847898275,29.903814847898275,41.90381484789829,1.5011476896847078,S3
910,17,47.324180225340065,68.32418022534006,51.32418022534006,47.324180225340065,1.443747781789475,S3
911,71,5.845447245516344,100.82121942115033,29.82121942115033,71,1.4200171749457793,S1
912,59,90.54633389742735,132.87966723076067,73.87966723076067,90.54633389742735,1.467532273380492,S3
913,89,49.13722295058266,101.63722295058265,12.637222950582654,89,1.1419912691076703,S2
914,63,16.46163876320623,68.96163876320622,5.961638763206224,63,1.094629186717559,S2
915,76,86.2877694775083,128.62110281084162,52.62110281084162,86.2877694775083,1.4906064160618717,S3
916,0,16.03574070391618,26.36907403724951,26.36907403724951,16.03574070391618,1.644393890131297,S3
917,41,46.79604075542506,67.79604075542505,26.796040755425054,46.79604075542506,1.4487559131285153,S3
918,72,49.760649848953285,102.26064984895328,30.26064984895328,72,1.4202868034576843,S2
919,37,84.05658860933917,126.38992194267249,89.38992194267249,84.05658860933917,1.5036289722639284,S3
920,47,42.58141399831832,63.58141399831831,16.58141399831831,47,1.3527960425174108,S3
921,86,7.539633050947614,99.12703361571906,13.127033615719057,86,1.152639925764175,S1
922,81,36.037523028348474,88.53752302834846,7.53752302834846,81,1.0930558398561538,S2
923,82,2.852951750576316,103.81371491609036,21.813714916090362,82,1.266020913610858,S1
924,78,4.587028684160154,102.07963798250651,24.07963798250651,78,1.3087133074680322,S1
925,94,93.14930364414012,135.48263697747342,41.48263697747342,94,1.4413046486965257,S3
926,42,80.8599583668356,123.19329170016891,81.19329170016891,80.8599583668356,1.523538895992014,S3
927,12,51.06255820704354,72.06255820704352,60.06255820704352,51.06255820704354,1.4112602411115247,S3
928,62,75.71717642066014,118.05050975399345,56.05050975399345,75.71717642066014,1.559098150968322,S3
929,18,3.3896999160660912,23.276966750600575,5.276966750600575,18,1.2931648194778098,S1
930,91,41.559155006168666,94.05915500616865,3.059155006168652,91,1.0336170879798754,S2
931,16,33.86065519933798,54.86065519933797,38.86065519933797,33.86065519933798,1.6201888261279296,S3
932,84,36.61583314933732,89.1158331493373,5.1158331493373055,84,1.0609027755873488,S2
933,60,77.85239929373384,120.18573262706715,60.18573262706715,77.85239929373384,1.5437640164898634,S3
934,70,77.05743902350378,119.39077235683709,49.39077235683709,77.05743902350378,1.5493737382113226,S3
935,26,28.415105816118068,38.7484391494514,12.7484391494514,28.415105816118068,1.3636563382942566,S3
936,43,42.238860019722544,63.23886001972254,20.238860019722537,43,1.4706711632493614,S3
937,70,5.27202846610908,101.3946382005576,31.394638200557594,70,1.4484948314365371,S1
938,37,29.288282510026175,39.62161584335951,2.621615843359507,37,1.0708544822529595,S3
939,63,40.372970203848055,92.87297020384804,29.87297020384804,63,1.4741741302198101,S2
940,64,98.42867573477174,140.76200906810504,76.76200906810504,98.42867573477174,1.4300914648837266,S3
941,64,34.481020253148344,86.98102025314833,22.98102025314833,64,1.3590784414554427,S2
942,26,65.45591540052963,107.78924873386295,81.78924873386295,65.45591540052963,1.6467457230456939,S3
943,15,33.089626723757945,54.08962672375793,39.08962672375793,33.089626723757945,1.634639978725485,S3
944,40,71.31810136081242,113.65143469414573,73.65143469414573,71.31810136081242,1.5935846934449445,S3
945,16,58.64511651750631,79.6451165175063,63.645116517506295,58.64511651750631,1.3580860819627023,S3
946,81,8.75762237922515,97.90904428744152,16.909044287441517,81,1.2087536331782904,S1
947,5,39.887834133711856,60.88783413371185,55.88783413371185,39.887834133711856,1.5264763168038622,S3
948,70,88.56013447495485,130.89346780828816,60.893467808288165,88.56013447495485,1.4780179432237126,S3
949,69,57.40440566070346,78.40440566070345,9.404405660703446,69,1.1362957342130935,S3
950,51,30.040639719739936,51.04063971973993,0.04063971973992864,51,1.0007968572498025,S3
951,0,4.639667414084658,6.973000747417991,6.973000747417991,4.639667414084658,1.502909610772967,S3
952,60,60.86856183855526,81.86856183855525,21.86856183855525,60.86856183855526,1.3450056871016494,S3
953,84,6.014877400567364,100.65178926609931,16.651789266099314,84,1.1982355865011822,S1
954,64,90.9822184917702,133.3155518251035,69.31555182510351,90.9822184917702,1.4652923838866665,S3
955,78,37.604421091600614,90.10442109160061,12.104421091600614,78,1.1551848857897515,S2
956,18,62.68142660982933,83.68142660982932,65.68142660982932,62.68142660982933,1.3350274736201821,S3
957,89,68.91248568617422,111.24581901950754,22.245819019507536,89,1.249953022691096,S3
958,87,8.300320962444985,98.36634570422169,11.366345704221686,87,1.1306476517726631,S1
959,5,66.7002175998623,109.03355093319561,104.03355093319561,66.7002175998623,1.634680588109816,S3
960,58,62.52776590188947,83.52776590188945,25.527765901889452,62.52776590188947,1.3358507967956266,S3
961,22,10.136162984087804,22.636162984087804,0.6361629840878038,22,1.0289164992767184,S2
962,23,86.92058476580503,129.25391809913833,106.25391809913833,86.92058476580503,1.4870346126569944,S3
963,53,77.45349265680144,119.78682599013476,66.78682599013476,77.45349265680144,1.5465645496570888,S3
964,83,1.342646307400841,105.32402035926583,22.32402035926583,83,1.2689641007140462,S1
965,17,78.65400486390732,120.98733819724063,103.98733819724063,78.65400486390732,1.5382222228427074,S3
966,71,71.01327721625768,113.34661054959099,42.34661054959099,71.01327721625768,1.5961326528335686,S3
967,38,18.477632419604582,44.31096575293792,6.310965752937918,38,1.1660780461299451,S2
968,4,31.847708687478338,42.18104202081167,38.18104202081167,31.847708687478338,1.3244608092448458,S3
969,55,56.63326653969649,77.63326653969648,22.63326653969648,56.63326653969649,1.3708067940117892,S3
970,74,93.38585206406759,135.7191853974009,61.719185397400906,93.38585206406759,1.4533163471517123,S3
971,6,49.776507591834196,70.77650759183419,64.77650759183419,49.776507591834196,1.4218857653132144,S3
972,66,3.9379446392925344,102.72872202737413,36.72872202737413,66,1.5564957882935475,S1
973,15,77.37771556551144,119.71104889884475,104.71104889884475,77.37771556551144,1.5470998080512215,S3
974,53,57.53213293530951,78.5321329353095,25.532132935309505,57.53213293530951,1.3650134095256452,S3
975,51,44.64716916324112,65.6471691632411,14.647169163241102,51,1.2871993953576686,S3
976,1,67.99627645845922,110.32960979179254,109.32960979179254,67.99627645845922,1.6225831109913187,S3
977,76,59.19708236539828,80.19708236539827,4.197082365398273,76,1.0552247679657667,S3
978,84,98.07845067627427,140.41178400960757,56.41178400960757,98.07845067627427,1.4316272641078125,S3
979,60,76.988664576722,119.32199791005533,59.32199791005533,76.988664576722,1.5498644971448572,S3
980,70,10.204319717678967,96.4623469489877,26.4623469489877,70,1.3780335278426814,S1
981,82,47.21925199946531,99.7192519994653,17.7192519994653,82,1.2160884390178694,S2
982,19,62.68949882353101,83.689498823531,64.689498823531,62.68949882353101,1.3349843338054805,S3
983,54,0.478328026330066,106.18833864033661,52.18833864033661,54,1.9664507155617892,S1
984,87,66.93662339573416,109.26995672906747,22.269956729067474,87,1.2559765141272123,S3
985,11,21.824520729146258,32.157854062479586,21.157854062479586,21.824520729146258,1.4734735512213721,S3
986,15,12.896848821887197,17.896848821887193,2.8968488218871933,15,1.1931232547924795,S3
987,2,27.544589876645077,37.877923209978405,35.877923209978405,27.544589876645077,1.3751492899189945,S3
988,72,24.227038361710807,76.7270383617108,4.727038361710797,72,1.0656533105793167,S2
989,93,74.42073537961417,116.75406871294749,23.754068712947486,93,1.2554200936876074,S3
990,6,36.587368528562095,57.58736852856208,51.58736852856208,36.587368528562095,1.5739685810857438,S3
991,95,71.3552048018893,113.68853813522261,18.688538135222615,95,1.1967214540549749,S3
992,18,72.97217753481016,115.30551086814347,97.30551086814347,72.97217753481016,1.5801297804651493,S3
993,10,29.314330688583212,39.64766402191654,29.64766402191654,29.314330688583212,1.352501083620434,S3
994,71,70.92351503528414,113.25684836861745,42.256848368617455,71,1.5951668784312318,S3
995,58,66.95412615861498,109.2874594919483,51.2874594919483,66.95412615861498,1.63227370383485,S3
996,32,91.35211405479566,133.68544738812898,101.68544738812898,91.35211405479566,1.4634083597445873,S3
997,6,71.72101067898328,114.05434401231659,108.05434401231659,71.72101067898328,1.5902500945338525,S3
998,1,6.055096547849148,8.38842988118248,7.38842988118248,6.055096547849148,1.3853503102542872,S3
999,83,68.6639270315643,110.99726036489761,27.997260364897613,83,1.3373163899385254,S3
